movieID,mean_rating,rating_count
m2858,4.3173862310385065,3428
m260,4.453694416583082,2991
m1196,4.292976588628763,2990
m1210,4.022892819979188,2883
m480,3.7638473053892216,2672
m2028,4.337353938937053,2653
m589,4.058512646281616,2649
m2571,4.315830115830116,2590
m1270,3.9903213317847466,2583
m593,4.3518231186966645,2578
m1580,3.739952718676123,2538
m1198,4.477724741447892,2514
m608,4.254675686430561,2513
m2762,4.406262708418057,2459
m110,4.234957020057307,2443
m2396,4.127479949345715,2369
m1197,4.3037100949094045,2318
m527,4.510416666666667,2304
m1617,4.219405594405594,2288
m1265,3.953028972783143,2278
m1097,3.9651828999559275,2269
m2628,3.409777777777778,2250
m2997,4.125390450691656,2241
m318,4.554557700942973,2227
m858,4.524966261808367,2223
m356,4.087967183226983,2194
m2716,3.9055479138010085,2181
m296,4.278212805158913,2171
m1240,4.152049571020019,2098
m1,4.146846413095811,2077
m1214,4.159584980237154,2024
m2916,3.682364729458918,1996
m457,4.103258145363409,1995
m3578,4.106029106029106,1924
m1200,4.125824175824176,1820
m541,4.273333333333333,1800
m2987,3.6798221234018897,1799
m1259,4.0969187675070025,1785
m50,4.517106001121705,1783
m34,3.8914905768132497,1751
m2791,3.9711149624494513,1731
m780,3.5104046242774567,1730
m3175,3.771412037037037,1728
m1193,4.390724637681159,1725
m919,4.247962747380675,1718
m924,4.068764568764569,1716
m1127,3.6839650145772596,1715
m2355,3.854374633000587,1703
m1387,4.089569829110195,1697
m1221,4.357565011820331,1692
m912,4.412822049131217,1669
m1036,4.121848739495798,1666
m1213,4.275196137598069,1657
m1610,4.052058111380146,1652
m377,3.5654545454545454,1650
m1291,4.133292383292384,1628
m2000,3.8869084204056548,1627
m1136,4.335209505941213,1599
m3114,4.218927444794953,1585
m1307,4.073341836734694,1568
m1704,4.176356589147287,1548
m1721,3.5834411384217333,1546
m1968,3.8797920727745288,1539
m648,3.432874918140144,1527
m2599,3.9303547963206307,1522
m32,3.945731303772336,1511
m3793,3.8206485771012573,1511
m2174,3.5678929765886287,1495
m2797,3.8558014755197854,1491
m2918,4.11744738628649,1473
m2291,3.5926680244399187,1473
m2959,4.077188146106134,1451
m3471,4.0144727773949,1451
m590,3.9152308752584424,1451
m1374,3.880524861878453,1448
m1394,4.02092050209205,1434
m2683,3.388423988842399,1434
m592,3.6009783368273935,1431
m1784,3.9501404494382024,1424
m1573,3.4011259676284307,1421
m1304,4.215644820295983,1419
m3418,3.6803105151729003,1417
m223,3.946883852691218,1412
m380,3.6342857142857143,1400
m2706,3.7098632109431247,1389
m1225,4.251808972503618,1382
m1584,3.768451519536903,1382
m1527,3.6405228758169934,1377
m3481,3.928623452294246,1373
m1923,3.9044493070751276,1371
m750,4.4498902706656915,1367
m2699,3.0029261155815656,1367
m39,3.6233480176211454,1362
m21,3.6238938053097347,1356
m1393,3.7590539541759056,1353
m2804,4.238905325443787,1352
m588,3.788304959289415,1351
m2406,3.6892193308550185,1345
m1220,3.9395973154362416,1341
m733,3.723134328358209,1340
m1230,4.14167916041979,1334
m3176,3.503380916604057,1331
m1961,4.053383458646617,1330
m3751,3.8796087283671934,1329
m1079,3.971342383107089,1326
m908,4.38403041825095,1315
m3408,3.863878326996198,1315
m1073,3.8613861386138613,1313
m3623,3.1957349581111956,1313
m1356,3.7091603053435116,1310
m3527,3.653816499614495,1297
m2700,3.760441292356186,1269
m1219,4.218527315914489,1263
m1247,4.245836637589215,1261
m1089,4.13582208101668,1259
m1544,3.036653386454183,1255
m1222,4.110845295055821,1254
m150,4.073541167066347,1251
m111,4.183870967741935,1240
m3753,3.7451612903225806,1240
m2710,3.0315278900565885,1237
m357,3.7437145174371453,1233
m2657,3.291159772911598,1233
m1206,4.0781122864117165,1229
m1094,3.7314890154597236,1229
m2985,3.451586655817738,1229
m3147,4.154664484451718,1222
m2640,3.536824877250409,1222
m2395,3.8409836065573773,1220
m3421,4.053024026512014,1207
m1517,3.7103734439834026,1205
m1641,3.872393661384487,1199
m1278,4.250628667225482,1193
m1252,4.339240506329114,1185
m367,3.279050042408821,1179
m1358,4.208156329651657,1177
m1208,4.243197278911564,1176
m2100,3.4307824591573515,1163
m1676,3.1332760103181427,1163
m2529,3.712564543889845,1162
m2321,3.6968911917098444,1158
m2011,3.3436960276338517,1158
m920,3.9974048442906573,1156
m2324,4.329861111111111,1152
m2012,3.2421602787456445,1148
m1090,4.090113735783027,1143
m47,4.106420404573439,1137
m1500,3.813380281690141,1136
m1370,3.541850220264317,1135
m1954,3.9433126660761735,1129
m1673,3.769503546099291,1128
m2194,4.007985803016859,1127
m2115,3.676131322094055,1127
m1376,3.6563055062166963,1126
m587,3.49644128113879,1124
m364,3.8608385370205176,1121
m3253,3.600892857142857,1120
m3671,4.047363717605005,1119
m1288,4.179785330948121,1118
m923,4.388888888888889,1116
m316,3.490143369175627,1116
m3160,3.8939802336028753,1113
m1242,4.193345323741007,1112
m1917,3.191891891891892,1110
m736,3.1738738738738737,1110
m1294,4.124658780709736,1099
m3255,3.6797088262056414,1099
m1732,3.7383773928896993,1097
m3361,3.837442922374429,1095
m1396,3.7277726856095326,1091
m2763,3.6418732782369148,1089
m1258,4.104875804967802,1087
m2302,3.7845303867403315,1086
m3448,3.733826247689464,1082
m1653,3.711234911792015,1077
m1608,3.5882899628252787,1076
m1391,2.9003724394785846,1074
m2692,4.224813432835821,1072
m2455,3.4407096171802056,1071
m3702,3.6641651031894935,1066
m3081,3.516885553470919,1066
m2268,3.93119698397738,1061
m595,3.8858490566037736,1060
m349,3.7261567516525025,1059
m969,4.251655629139073,1057
m3256,3.75,1052
m904,4.476190476190476,1050
m1234,4.320305052430887,1049
m1674,3.9961759082217974,1046
m597,3.641491395793499,1046
m2054,2.9330143540669855,1045
m913,4.395973154362416,1043
m2081,3.756521739130435,1035
m3703,3.6740812379110253,1034
m11,3.7938044530493706,1033
m1377,2.9767216294859358,1031
m2890,3.8070519098922624,1021
m3755,3.351431391905232,1013
m1028,3.894164193867458,1011
m2001,3.5450049455984174,1011
m2968,3.6940594059405942,1010
m1101,3.6861386138613863,1010
m2617,3.3217477656405165,1007
m2407,3.5377733598409544,1006
m1682,3.861691542288557,1005
m1233,4.302697302697303,1001
m1372,3.4095904095904097,1001
m1266,4.0902708124373115,997
m551,3.717871485943775,996
m1909,3.4929718875502007,996
m3897,4.22635814889336,994
m3363,4.026262626262627,990
m329,3.3767676767676766,990
m3052,3.7128412537917086,989
m1183,3.609706774519717,989
m2353,3.687246963562753,988
m539,3.760649087221095,986
m2006,3.5615462868769074,983
m3072,3.7871690427698574,982
m25,3.6510204081632653,980
m2289,3.96319018404908,978
m1408,3.8133333333333335,975
m474,3.825102880658436,972
m2105,3.3556701030927836,970
m3552,3.8469493278179936,967
m1639,3.7784679089026914,966
m1552,3.2662473794549265,954
m440,3.811181434599156,948
m788,2.9957805907172994,948
m1215,3.804232804232804,945
m3108,3.6264550264550266,945
m2712,3.201058201058201,945
m1282,3.904559915164369,943
m6,3.8787234042553194,940
m1250,4.386993603411514,938
m2336,4.029850746268656,938
m2746,3.3322649572649574,936
m2770,3.2620320855614975,935
m1276,4.253763440860215,930
m1207,4.425646551724138,928
m36,3.9579741379310347,928
m235,3.696871628910464,927
m1375,3.353829557713053,927
m1080,4.018358531317495,926
m1320,3.037837837837838,925
m293,4.106175514626218,923
m2248,4.017505470459518,914
m70,3.1564551422319473,914
m1199,4.097480832420591,913
m2470,3.4265350877192984,912
m1777,3.4895489548954894,909
m1912,3.797356828193833,908
m3555,3.539647577092511,908
m1747,3.4895259095920617,907
m903,4.27292817679558,905
m2701,2.158536585365854,902
m3033,3.2836484983314795,899
m2947,3.971014492753623,897
m1876,3.166480446927374,895
m10,3.5405405405405403,888
m3210,3.8374717832957113,886
m1407,3.5756207674943568,886
m1997,3.9559322033898305,885
m1179,3.7887005649717516,885
m3006,4.0588235294117645,884
m3499,3.82579185520362,884
m1129,3.4649321266968327,884
m1148,4.507936507936508,882
m1035,3.931972789115646,882
m1625,3.9138321995464853,882
m1748,3.822654462242563,874
m3174,3.48512585812357,874
m2502,3.8211009174311927,872
m3107,3.440736478711162,869
m3699,3.461271676300578,865
m2080,3.8043981481481484,864
m3948,3.6357308584686776,862
m1722,3.4419953596287702,862
m3082,3.379350348027842,862
m1953,4.098722415795587,861
m3608,3.40534262485482,861
m1246,4.005847953216374,855
m2723,3.0105509964830013,853
m2915,3.6396713615023475,852
m2908,4.014117647058823,850
m2641,3.1643026004728134,846
m2369,2.954761904761905,840
m3543,3.9225268176400476,839
m3039,3.828367103694875,839
m2352,3.8747016706443915,838
m500,3.420047732696897,838
m2424,3.380668257756563,838
m17,4.027544910179641,835
m910,4.300480769230769,832
m1204,4.401925391095066,831
m1645,3.4358353510895885,826
m2108,3.7066666666666666,825
m165,3.561212121212121,825
m454,3.5473300970873787,824
m1201,4.133819951338199,822
m3510,3.7588306942752743,821
m1569,3.428048780487805,820
m1380,3.5777233782129745,817
m3809,3.397796817625459,817
m3526,3.7694204685573367,811
m1597,3.405672009864365,811
m2167,3.477132262051916,809
m3450,3.415327564894932,809
m2393,3.34820322180917,807
m2278,3.5272952853598016,806
m1285,3.8156911581569117,803
m2427,3.398505603985056,803
m3101,3.669576059850374,802
m368,3.5236907730673317,802
m2193,3.4962593516209477,802
m2002,3.254364089775561,802
m2058,3.6082603254067585,799
m2064,4.0739348370927315,798
m1994,3.6842767295597483,795
m3354,2.5952080706179066,793
m1371,3.1363636363636362,792
m3624,3.6548672566371683,791
m2694,3.1352718078381794,791
m2243,3.747782002534854,789
m2021,3.356147021546261,789
m1060,3.94147582697201,786
m2881,3.2010178117048347,786
m3424,3.880921895006402,781
m2671,3.6628205128205127,780
m1690,2.958921694480103,779
m2605,3.168597168597169,777
m153,2.642213642213642,777
m2003,3.268041237113402,776
m2023,3.3449612403100777,774
m2020,3.9715394566623545,773
m2490,3.5058214747736094,773
m265,3.9326424870466323,772
m2948,3.8897535667963683,771
m1302,3.9114583333333335,768
m344,3.1488250652741514,766
m1267,4.333333333333333,765
m3362,3.969934640522876,765
m3104,3.8562091503267975,765
m785,3.4784313725490197,765
m594,3.8453473132372213,763
m1947,4.057818659658344,761
m161,3.723684210526316,760
m3386,3.755291005291005,756
m2366,3.6560846560846563,756
m1513,3.0463576158940397,755
m899,4.2836218375499335,751
m778,3.9600532623169107,751
m1965,3.6830892143808254,751
m1092,3.5419440745672435,751
m1231,4.08,750
m2826,3.1586666666666665,750
m2391,3.751677852348993,745
m1077,3.9798387096774195,744
m3396,3.8561827956989245,744
m2872,3.81266846361186,742
m1275,3.8461538461538463,741
m2288,3.785425101214575,741
m1663,3.8391891891891894,740
m253,3.524390243902439,738
m2094,3.108695652173913,736
m353,3.4455040871934606,734
m1249,4.005457025920873,733
m1333,3.882673942701228,733
m292,3.2687585266030013,733
m1299,4.248633879781421,732
m3698,3.1986301369863015,730
m953,4.299039780521262,729
m2871,3.9410150891632374,729
m1729,3.6892265193370166,724
m2580,3.854771784232365,723
m3704,3.1662049861495847,722
m3489,3.018005540166205,722
m529,3.977777777777778,720
m1466,3.7955493741307373,719
m2144,3.710709318497914,719
m1244,4.082172701949861,718
m246,4.18854748603352,716
m2005,3.4972067039106145,716
m968,3.6713286713286712,715
m2124,3.169467787114846,714
m2160,3.818820224719101,712
m3148,3.952180028129395,711
m2140,3.652112676056338,710
m2944,4.0042432814710045,707
m300,3.7588652482269502,705
m266,3.425531914893617,705
m1287,4.110795454545454,704
m2359,3.879089615931721,703
m3763,3.570613409415121,701
m2,3.20114122681883,701
m1263,4.11,700
m2572,3.422857142857143,700
m288,3.144285714285714,700
m2161,3.6051502145922747,699
m1235,4.164992826398852,697
m1262,4.376436781609195,696
m2150,3.726618705035971,695
m337,3.8412698412698414,693
m2145,3.3665223665223665,693
m3868,3.680635838150289,692
m2688,3.141823444283647,691
m3504,4.020348837209302,688
m1343,3.671033478893741,687
m1088,3.3114992721979624,687
m1084,4.096209912536443,686
m434,3.0845481049562684,686
m16,3.7932551319648096,682
m141,3.5498533724340176,682
m104,3.526392961876833,682
m543,3.3841642228739004,682
m3105,3.7808823529411764,680
m1093,3.4073529411764705,680
m708,3.434462444771723,679
m1228,4.1875923190546525,677
m1188,3.951183431952663,676
m902,3.908284023668639,676
m586,3.1348148148148147,675
m2761,4.0474777448071215,674
m339,3.49925705794948,673
m2405,3.163447251114413,673
m1269,4.168154761904762,672
m1339,3.34375,672
m1293,4.141579731743666,671
m1918,3.14050822122571,669
m497,4.0,667
m3476,3.578710644677661,667
m3263,3.188905547226387,667
m1831,2.5847076461769114,667
m1485,3.5,666
m3247,3.1681681681681684,666
m2078,3.816265060240964,664
m1883,3.4352409638554215,664
m1952,4.113122171945701,663
m231,3.1924242424242424,660
m2300,4.144376899696049,658
m555,3.9285714285714284,658
m3863,3.2613981762917934,658
m745,4.52054794520548,657
m3911,4.073059360730594,657
m2076,3.7629969418960245,654
m1962,3.8773006134969323,652
m3638,3.191717791411043,652
m208,2.6313364055299537,651
m2724,3.12,650
m2949,3.874613003095975,646
m1272,4.266666666666667,645
m2294,3.483720930232558,645
m441,3.6936236391912907,643
m3697,2.8678071539657854,643
m317,3.1918876755070205,641
m2329,4.2265625,640
m3005,3.3765625,640
m442,2.9921875,640
m95,2.876175548589342,638
m914,4.154088050314465,636
m1960,3.9764150943396226,636
m2527,3.4213836477987423,636
m1957,3.7965299684542586,634
m2707,3.504731861198738,634
m800,4.082539682539682,630
m3535,3.219047619047619,630
m2019,4.560509554140127,628
m3683,4.218152866242038,628
m2664,3.912420382165605,628
m3591,3.4076433121019107,628
m1711,3.2531847133757963,628
m2273,3.5661881977671452,627
m1959,3.6533546325878596,626
m2528,3.4696485623003195,626
m1805,3.4456869009584663,626
m3257,2.8594249201277955,626
m2542,3.8976,625
m24,3.1794871794871793,624
m2581,3.168269230769231,624
m2616,2.6826923076923075,624
m3100,3.756019261637239,623
m2013,3.454983922829582,622
m610,3.546925566343042,618
m1203,4.295454545454546,616
m2539,3.3944805194805197,616
m1172,4.287804878048781,615
m852,3.221138211382114,615
m1037,2.6601626016260163,615
m1921,3.7911908646003263,613
m3785,3.0114192495921697,613
m1373,2.7487765089722673,613
m2433,3.3594771241830066,612
m653,3.2254901960784315,612
m3070,3.3878887070376433,611
m1885,3.692434210526316,608
m509,3.674342105263158,608
m1562,2.257425742574257,606
m198,3.2958677685950413,605
m3301,3.3787375415282392,602
m471,3.631051752921536,599
m2371,3.5943238731218696,599
m2722,2.8729096989966556,598
m1256,4.21043771043771,594
m2087,3.65993265993266,594
m1271,3.806070826306914,593
m3037,4.04399323181049,591
m1292,4.013536379018612,591
m3360,3.91864406779661,590
m3298,3.4593220338983053,590
m2018,3.738539898132428,589
m2501,4.137755102040816,588
m3740,3.414383561643836,584
m3717,2.9743150684931505,584
m2686,3.9622641509433962,583
m3044,3.855917667238422,583
m898,4.3006872852233675,582
m2394,3.5716753022452505,579
m2333,3.8131487889273354,578
m1022,3.755632582322357,577
m3273,2.733102253032929,577
m1019,3.7026086956521738,575
m2109,3.743455497382199,573
m466,2.7958115183246073,573
m866,3.8234265734265733,572
m1587,3.4213286713286712,572
m1095,3.8844133099824867,571
m112,3.443859649122807,570
m2478,3.117750439367311,569
m185,2.869947275922671,569
m1029,3.688380281690141,568
m1345,3.6049382716049383,567
m2662,3.8584070796460175,565
m2085,3.5964601769911506,565
m2717,2.9061946902654867,565
m160,2.2389380530973453,565
m2067,4.065602836879433,564
m832,3.478723404255319,564
m3113,2.629432624113475,564
m173,2.3085106382978724,564
m1479,3.197158081705151,563
m673,2.619893428063943,563
m1186,3.613879003558719,562
m1378,3.4181494661921707,562
m508,3.894830659536542,561
m1296,3.9964285714285714,560
m3752,3.0,560
m1253,4.141323792486583,559
m3893,3.5026833631484795,559
m2541,3.221824686940966,559
m3060,3.8315412186379927,558
m2792,2.9802867383512543,558
m2976,3.0718132854578095,557
m1586,3.0520646319569122,557
m3252,3.7135135135135133,555
m1967,3.637184115523466,554
m151,3.588447653429603,554
m553,3.8734177215189876,553
m3435,4.415607985480944,551
m196,2.8236363636363637,550
m2795,3.841530054644809,549
m1321,3.7522768670309654,549
m3098,3.832116788321168,548
m1261,3.826642335766423,548
m1357,3.8065693430656933,548
m3685,3.5926605504587155,545
m45,3.4246323529411766,544
m3479,3.6734317343173433,542
m3300,3.300738007380074,542
m3614,3.2195571955719555,542
m1284,4.312384473197782,541
m62,3.6968576709796674,541
m2133,3.2754158964879854,541
m1779,2.6635859519408505,541
m163,3.4574074074074073,540
m2046,3.466417910447761,536
m3745,3.3813084112149534,535
m3524,3.4269662921348316,534
m3438,2.6779026217228465,534
m2598,3.016885553470919,533
m435,2.6060037523452158,533
m1958,3.607547169811321,530
m552,3.2400756143667295,529
m1042,3.481060606060606,528
m1911,2.9297912713472485,527
m1032,3.697142857142857,525
m661,3.4647619047619047,525
m3020,3.4522900763358777,524
m2384,3.2906309751434035,523
m2951,3.9942528735632186,522
m3095,4.134357005758157,521
m3359,4.0807692307692305,520
m3157,3.15,520
m1945,4.269749518304431,519
m2863,3.88996138996139,518
m342,3.6776061776061777,518
m3087,3.4786821705426356,516
m2423,3.588349514563107,515
m350,3.392233009708738,515
m1248,4.215953307392996,514
m2245,3.414396887159533,514
m2428,2.7777777777777777,513
m3264,3.091796875,512
m2096,3.710371819960861,511
m849,2.5107632093933465,511
m2642,2.336594911937378,511
m2134,3.4235294117647057,510
m3178,3.848722986247544,509
m1956,3.990138067061144,507
m1635,3.8007889546351086,507
m1982,3.7134387351778657,506
m2469,3.2766798418972334,506
m3534,3.0653465346534654,505
m2917,4.031746031746032,504
m3701,3.2242063492063493,504
m3654,3.9641434262948207,502
m58,4.093812375249501,501
m838,3.8802395209580838,501
m485,2.508,500
m1476,3.4869739478957915,499
m1882,2.3246492985971945,499
m596,3.751004016064257,498
m1590,2.5180722891566263,498
m2137,3.8229376257545273,497
m3203,3.6780684104627768,497
m3317,3.9495967741935485,496
m3735,3.981818181818182,495
m2126,2.7454545454545456,495
m1834,3.9391480730223125,493
m2420,3.417849898580122,493
m2986,2.3813387423935093,493
m1589,3.3597560975609757,492
m162,4.063136456211812,491
m1907,3.742857142857143,490
m3536,3.7484662576687118,489
m2841,3.6262833675564683,487
m3635,3.6057494866529773,487
m628,3.8969072164948453,485
m3168,3.7711340206185566,485
m1104,4.225672877846791,483
m3267,3.6873706004140785,483
m3173,3.1262939958592133,483
m2186,4.304979253112033,482
m1441,3.444906444906445,481
m1212,4.452083333333333,480
m3260,3.7291666666666665,480
m2454,3.3583333333333334,480
m2065,3.5991649269311066,479
m1059,3.4008350730688934,479
m562,3.799163179916318,478
m3827,3.3828451882845187,478
m3,3.01673640167364,478
m247,3.8658280922431865,477
m3269,3.20335429769392,477
m2421,2.6771488469601676,477
m524,3.615546218487395,476
m2719,2.3823529411764706,476
m3246,3.903157894736842,475
m2463,3.4610526315789474,475
m3441,3.2757894736842106,475
m1405,3.04,475
m1644,2.6315789473684212,475
m1591,2.6210526315789475,475
m1041,4.037974683544304,474
m1678,3.829113924050633,474
m2912,3.679324894514768,474
m2431,3.1371308016877637,474
m1223,4.361522198731501,473
m1257,3.9216101694915255,472
m1694,3.7261146496815285,471
m1894,2.910828025477707,471
m2088,2.59447983014862,471
m922,4.491489361702127,470
m2311,3.4170212765957446,470
m345,3.8059701492537314,469
m1566,3.279317697228145,469
m2734,3.3583690987124464,466
m1680,3.790948275862069,464
m3798,3.3347732181425487,463
m2533,3.041036717062635,463
m410,2.9071274298056156,463
m1449,4.147186147186147,462
m3334,4.082429501084599,461
m3639,3.629067245119306,461
m1385,3.2689804772234274,461
m2973,4.05,460
m786,3.123913043478261,460
m3409,3.272331154684096,459
m2735,2.89760348583878,459
m7,3.410480349344978,458
m172,2.576419213973799,458
m2313,4.013129102844639,457
m671,3.6798245614035086,456
m1120,3.5833333333333335,456
m348,3.698901098901099,455
m1717,2.975824175824176,455
m3512,3.6806167400881056,454
m1254,4.289183222958058,453
m3730,4.249448123620309,453
m1185,3.958057395143488,453
m3159,3.8057395143487858,453
m1274,3.933628318584071,452
m1955,3.7964601769911503,452
m2788,4.137472283813747,451
m180,3.5476718403547673,451
m1347,3.4855875831485585,451
m1049,3.328159645232816,451
m3468,4.24,450
m994,4.095555555555555,450
m515,3.917777777777778,450
m2739,3.8555555555555556,450
m3706,3.404017857142857,448
m1792,3.171875,448
m2805,2.8683035714285716,448
m3219,3.2550335570469797,447
m3016,3.1588366890380315,447
m3358,3.681614349775785,446
m930,4.29438202247191,445
m2926,3.350561797752809,445
m2409,3.1775280898876406,445
m933,4.10158013544018,443
m3545,3.9029345372460496,443
m2413,3.2483069977426635,443
m1297,3.7081447963800906,442
m2687,3.665158371040724,442
m647,3.5532879818594103,441
m2253,2.5636363636363635,440
m720,4.426940639269406,438
m2116,3.3333333333333335,438
m3274,3.1073059360730593,438
m3916,3.9244851258581237,437
m379,2.889908256880734,436
m3791,3.066666666666667,435
m1081,3.6175115207373274,434
m1047,3.4838709677419355,434
m2450,2.0990783410138247,434
m144,3.392609699769053,433
m3254,2.884526558891455,433
m52,3.640371229698376,431
m3186,3.4779582366589326,431
m3869,3.0881670533642693,431
m2759,3.3511627906976744,430
m2966,4.055944055944056,429
m3261,3.4825174825174825,429
m1614,3.2803738317757007,428
m372,3.1542056074766354,428
m802,3.496487119437939,427
m1224,4.286384976525822,426
m2728,4.018779342723005,426
m916,4.216470588235294,425
m2989,3.501176470588235,425
m3285,2.702127659574468,423
m2991,3.5924170616113744,422
m2009,3.518957345971564,422
m3035,4.149643705463183,421
m3744,3.2422802850356294,421
m2713,2.501187648456057,421
m3513,3.3476190476190477,420
m2335,2.926190476190476,420
m1100,2.807142857142857,420
m3617,3.2673031026252985,419
m2840,2.899761336515513,419
m303,2.9760765550239237,418
m585,2.9066985645933014,418
m2375,2.8923444976076556,418
m909,4.127098321342926,417
m748,3.1510791366906474,417
m3019,3.920673076923077,416
m2125,3.7139423076923075,416
m494,3.3461538461538463,416
m724,3.0865384615384617,416
m1171,3.7349397590361444,415
m2622,3.3493975903614457,415
m2471,2.6280193236714977,414
m955,4.169491525423729,413
m3686,3.2542372881355934,413
m2378,2.997578692493947,413
m370,2.8980582524271843,412
m333,3.502439024390244,410
m2600,3.2560975609756095,410
m2485,3.051219512195122,410
m1350,3.6234718826405867,409
m3844,3.593137254901961,408
m1135,3.189189189189189,407
m2648,3.9753694581280787,406
m1124,3.740740740740741,405
m3826,2.5382716049382714,405
m2993,3.7054455445544554,404
m2141,3.4282178217821784,404
m926,4.255583126550868,403
m1283,4.1786600496277915,403
m29,4.062034739454094,403
m3259,3.369727047146402,403
m1103,3.9228855721393034,402
m1892,3.371571072319202,401
m2410,2.8753117206982544,401
m2402,2.825436408977556,401
m3551,3.93,400
m2857,3.6967418546365916,399
m1499,2.200501253132832,399
m3185,3.4120603015075375,398
m951,4.249370277078086,397
m2403,3.5717884130982367,397
m1620,3.3367088607594937,395
m1616,3.0936708860759494,395
m2702,3.070886075949367,395
m3196,4.228426395939087,394
m3083,4.086294416243655,394
m1020,3.239795918367347,392
m1409,3.0535714285714284,392
m432,2.579081632653061,392
m2919,3.895140664961637,391
m2672,3.1892583120204603,391
m1801,3.0434782608695654,391
m2690,3.7,390
m783,3.223076923076923,390
m3507,4.033419023136247,389
m532,3.0488431876606685,389
m19,2.480719794344473,389
m2010,4.082474226804123,388
m3952,3.7809278350515463,388
m1754,3.38659793814433,388
m1298,3.640826873385013,387
m105,3.2325581395348837,387
m1888,2.994832041343669,387
m928,4.204663212435233,386
m224,3.3911917098445596,386
m2334,3.1243523316062176,386
m674,3.0155440414507773,386
m1125,3.779220779220779,385
m2990,3.2,385
m2794,2.9220779220779223,385
m784,2.72987012987013,385
m954,4.240208877284595,383
m272,3.7258485639686683,383
m2718,3.1305483028720626,383
m3156,2.906005221932115,383
m1411,3.9581151832460733,382
m517,3.175392670157068,382
m48,2.9764397905759163,382
m1719,4.044619422572178,381
m2053,2.257217847769029,381
m2398,3.960526315789474,380
m2015,3.4526315789473685,380
m1459,3.357894736842105,380
m3705,2.5842105263157893,380
m1086,4.079155672823219,379
m3068,3.865435356200528,379
m164,3.5672823218997363,379
m2414,3.390501319261214,379
m940,3.9735449735449735,378
m22,3.3492063492063493,378
m3836,3.9093333333333335,375
m2411,2.6453333333333333,375
m2808,2.512,375
m905,4.280748663101604,374
m1061,3.550802139037433,374
m520,2.93048128342246,374
m2468,2.770053475935829,374
m1301,3.9758713136729225,373
m1091,2.7935656836461127,373
m2720,2.1662198391420913,373
m2565,3.954301075268817,372
m1078,3.836021505376344,372
m1914,3.8091397849462365,372
m2004,2.513440860215054,372
m2301,3.5902964959568733,371
m1388,2.5891891891891894,370
m2139,3.850948509485095,369
m431,3.6910569105691056,369
m3618,3.3712737127371275,369
m1379,2.907859078590786,369
m1175,4.002717391304348,368
m252,3.2697547683923704,367
m2110,3.2643051771117166,367
m1556,1.8719346049046321,367
m3250,3.401639344262295,366
m1835,3.289617486338798,366
m3508,4.043835616438356,365
m915,3.9643835616438357,365
m3712,3.23013698630137,365
m2247,3.0931506849315067,365
m2530,2.9452054794520546,365
m1944,4.096153846153846,364
m1367,3.0467032967032965,364
m1920,2.8104395604395602,364
m1277,3.884297520661157,363
m2118,3.7024793388429753,363
m1619,3.4281767955801103,362
m145,3.2955801104972378,362
m2942,3.0994475138121547,362
m168,2.9502762430939224,362
m1344,3.9224376731301938,361
m2082,2.886426592797784,361
m3811,4.102777777777778,360
m2496,3.363888888888889,360
m3525,3.138888888888889,360
m3201,3.9526462395543174,359
m1245,4.005586592178771,358
m3397,3.7374301675977653,358
m3684,3.374301675977654,358
m2532,2.8435754189944134,358
m327,2.6145251396648046,358
m1217,4.26890756302521,357
m60,3.212885154061625,357
m3088,4.089887640449438,356
m3668,3.9157303370786516,356
m2747,3.311797752808989,356
m3505,3.8732394366197185,355
m2143,3.2704225352112677,355
m216,3.183098591549296,355
m2297,3.1070422535211266,355
m1327,2.9380281690140846,355
m3152,3.9717514124293785,354
m1916,3.505649717514124,354
m1518,3.42090395480226,354
m2861,3.152542372881356,354
m2416,3.1497175141242937,354
m3067,3.8923512747875355,353
m3461,3.6657223796033995,353
m1810,3.558073654390935,353
m3633,3.461756373937677,353
m3062,3.971590909090909,352
m2146,3.1107954545454546,352
m420,2.5056818181818183,352
m1238,4.0,351
m1693,3.717948717948718,351
m1537,4.137142857142857,350
m3451,3.92,350
m468,3.2714285714285714,350
m376,3.2457142857142856,350
m546,1.8742857142857143,350
m230,3.4527220630372493,349
m1950,4.129310344827586,348
m3927,3.5804597701149423,348
m1603,2.925287356321839,348
m232,4.07514450867052,346
m514,3.531791907514451,346
m2112,3.4884393063583814,346
m2803,3.2745664739884393,346
m2950,2.332369942196532,346
m3000,4.147826086956521,345
m2779,3.6202898550724636,345
m2231,3.608695652173913,345
m3615,3.217391304347826,345
m1096,3.9767441860465116,344
m805,3.5901162790697674,344
m2340,3.252906976744186,344
m1027,3.1627906976744184,344
m900,3.8513119533527695,343
m3034,3.7434402332361514,343
m2474,3.4606413994169096,343
m3593,1.6111111111111112,342
m3398,3.504398826979472,341
m3053,3.0175953079178885,341
m2953,2.3929618768328447,341
m2995,2.30791788856305,341
m3249,3.135294117647059,340
m3258,2.752212389380531,339
m3688,2.734513274336283,339
m531,3.769230769230769,338
m3770,3.470414201183432,338
m799,3.3491124260355027,338
m1334,3.136094674556213,338
m1687,3.077151335311573,337
m492,3.719402985074627,335
m306,4.227544910179641,334
m3155,3.4144144144144146,333
m2643,1.8885542168674698,332
m2312,3.8277945619335347,331
m3452,3.1419939577039275,331
m1300,4.1454545454545455,330
m2390,3.690909090909091,330
m2901,3.203030303030303,330
m222,3.547112462006079,329
m3271,3.847560975609756,328
m3556,3.6310975609756095,328
m2827,2.442073170731707,328
m3265,4.137614678899083,327
m3071,3.764525993883792,327
m236,3.303680981595092,326
m2262,3.1564417177914113,326
m3198,4.073846153846154,325
m1243,3.9846153846153847,325
m2303,3.92,325
m3681,3.916923076923077,325
m2376,3.267692307692308,325
m2467,3.9012345679012346,324
m880,2.200617283950617,324
m1030,3.0773993808049536,323
m3244,3.6956521739130435,322
m1672,3.5700934579439254,321
m3528,3.155763239875389,321
m170,3.146417445482866,321
m1438,2.8161993769470404,321
m2318,3.903125,320
m3494,3.7375,320
m2819,4.040752351097178,319
m69,3.6551724137931036,319
m1031,3.479623824451411,319
m1769,3.1379310344827585,319
m125,3.8333333333333335,318
m2921,3.8832807570977916,317
m2971,3.823343848580442,317
m1268,3.4858044164037856,317
m1974,3.0410094637223977,317
m1126,2.3722397476340693,317
m2282,3.518987341772152,316
m538,3.8222222222222224,315
m3040,3.311111111111111,315
m741,4.089171974522293,314
m3328,3.843949044585987,314
m475,3.9006410256410255,312
m2401,3.769230769230769,312
m2111,3.2275641025641026,312
m2531,2.8333333333333335,312
m44,2.787781350482315,311
m1303,4.129032258064516,310
m2367,2.7572815533980584,309
m1260,4.3019480519480515,308
m507,3.522727272727273,308
m3146,2.762987012987013,308
m1594,3.778501628664495,307
m678,4.245098039215686,306
m911,4.183006535947713,306
m2867,3.434640522875817,306
m1895,3.238562091503268,306
m2802,3.088235294117647,306
m3841,2.7549019607843137,306
m3462,4.2360655737704915,305
m2138,3.8426229508196723,305
m3871,3.839344262295082,305
m3760,3.481967213114754,305
m2513,2.960655737704918,305
m3949,4.115131578947368,304
m2130,3.8322368421052633,304
m3163,3.7039473684210527,304
m934,3.6578947368421053,304
m2348,3.5526315789473686,304
m1688,3.5032894736842106,304
m3566,3.3717105263157894,304
m3802,2.4177631578947367,304
m2072,2.910891089108911,303
m1381,1.9636963696369636,303
m921,3.8940397350993377,302
m1964,3.80794701986755,302
m2567,3.2019867549668874,302
m3484,2.728476821192053,302
m1702,2.552980132450331,302
m535,3.8172757475083055,301
m1845,3.750830564784053,301
m1012,3.7043189368770766,301
m2363,3.318936877076412,301
m2404,2.3421926910299002,301
m314,3.85,300
m3189,3.6433333333333335,300
m2476,3.3466666666666667,300
m2346,3.3066666666666666,300
m737,2.03,300
m1237,4.230769230769231,299
m493,3.6073825503355703,298
m1884,3.3456375838926173,298
m3355,2.8758389261744965,298
m3388,2.7181208053691277,298
m762,2.184563758389262,298
m2132,4.074074074074074,297
m1429,3.3063973063973062,297
m5,3.0067567567567566,296
m3007,4.013559322033898,295
m3498,4.0067796610169495,295
m412,3.559322033898305,295
m1395,3.3254237288135595,295
m3649,3.169491525423729,295
m830,2.952542372881356,295
m2034,2.772881355932203,295
m2338,2.2033898305084745,295
m2518,3.4727891156462585,294
m481,3.380952380952381,294
m3308,3.197278911564626,294
m1025,3.6109215017064846,293
m3243,2.5017064846416384,293
m950,4.239726027397261,292
m942,4.2020547945205475,292
m2946,3.7731958762886597,291
m2875,3.2577319587628866,291
m1009,3.185567010309278,291
m2322,2.9310344827586206,290
m3733,3.837370242214533,289
m1588,3.083044982698962,289
m3316,2.7681660899653977,289
m3129,3.701388888888889,288
m1488,2.857638888888889,288
m2153,1.9965277777777777,288
m1033,3.4494773519163764,287
m2889,3.4355400696864113,287
m534,3.835664335664336,286
m999,3.2832167832167833,286
m2422,2.1223776223776225,286
m2750,3.6982456140350877,285
m261,3.6491228070175437,285
m1286,3.585964912280702,285
m3812,3.557894736842105,285
m455,2.5894736842105264,285
m3576,3.683098591549296,284
m1701,3.415492957746479,284
m2456,2.313380281690141,284
m1416,3.25531914893617,282
m2613,3.096085409252669,281
m1422,3.0249110320284696,281
m3873,3.6678571428571427,280
m2941,3.6142857142857143,280
m2764,3.6,280
m2287,3.4392857142857145,280
m2961,2.817857142857143,280
m3467,4.021505376344086,279
m3917,3.111111111111111,279
m2117,3.7194244604316546,278
m616,3.352517985611511,278
m1147,4.32129963898917,277
m1280,4.1732851985559565,277
m2883,3.5487364620938626,277
m3565,3.267148014440433,277
m3384,3.800724637681159,276
m1017,3.5869565217391304,276
m3251,3.380434782608696,276
m2093,2.851449275362319,276
m3629,4.189090909090909,275
m3061,3.88,275
m707,3.0872727272727274,275
m3429,4.335766423357664,274
m3548,3.835766423357664,274
m1057,3.5583941605839415,274
m1969,2.321167883211679,274
m2412,2.102189781021898,274
m319,3.8937728937728937,273
m861,3.5128205128205128,273
m3099,3.238095238095238,273
m2517,3.062271062271062,273
m2668,2.5347985347985347,273
m382,2.9338235294117645,272
m2505,2.863970588235294,272
m3307,4.387453874538745,271
m971,4.047970479704797,271
m3675,3.8265682656826567,271
m3477,3.044280442804428,271
m2815,2.5940959409594098,271
m383,3.2666666666666666,270
m1189,4.25278810408922,269
m3723,3.7286245353159853,269
m952,3.6022304832713754,269
m3501,3.546468401486989,269
m426,3.0817843866171004,269
m3469,4.279850746268656,268
m1927,4.1940298507462686,268
m361,3.421641791044776,268
m2059,3.283582089552239,268
m1970,2.6417910447761193,268
m1354,3.8239700374531833,267
m2155,3.3146067415730336,267
m3708,2.9812734082397006,267
m355,2.352059925093633,267
m3238,2.134831460674157,267
m1633,3.661654135338346,266
m1295,3.5676691729323307,266
m3478,3.330827067669173,266
m2676,3.1353383458646618,266
m1457,3.1090225563909772,266
m2447,3.0601503759398496,266
m2524,3.018796992481203,266
m1643,3.8754716981132074,265
m3366,3.811320754716981,265
m1480,3.279245283018868,265
m2793,2.7547169811320753,265
m599,4.087121212121212,264
m2070,3.9053030303030303,264
m663,3.4166666666666665,264
m1833,3.003787878787879,264
m3208,2.7613636363636362,264
m2389,2.6515151515151514,264
m428,3.931558935361217,263
m1735,3.2015209125475286,263
m2822,3.049429657794677,263
m2083,3.6068702290076335,262
m1342,2.904580152671756,262
m249,3.7586206896551726,261
m3549,3.792307692307692,260
m1873,3.7606177606177607,259
m2457,3.382239382239382,259
m3145,3.359073359073359,259
m158,2.9806949806949805,259
m2188,2.7644787644787643,259
m2408,2.528957528957529,259
m373,3.856589147286822,258
m3153,3.616279069767442,258
m1013,3.565891472868217,258
m1264,4.054474708171206,257
m351,3.342412451361868,257
m237,2.972762645914397,257
m2114,3.6875,256
m107,3.1484375,256
m996,2.90625,256
m446,4.082677165354331,254
m2022,3.531496062992126,254
m225,3.173228346456693,254
m965,4.075098814229249,253
m101,3.869565217391304,253
m3169,3.513833992094862,253
m3089,4.357142857142857,252
m1963,4.051587301587301,252
m1689,3.1547619047619047,252
m3004,2.4801587301587302,252
m945,4.147410358565737,251
m3197,3.302788844621514,251
m366,2.8207171314741037,251
m3439,2.1274900398406373,251
m1627,3.076,250
m2906,2.328,250
m2090,3.4738955823293174,249
m1924,2.6345381526104417,249
m3018,3.475806451612903,248
m516,2.870967741935484,248
m3821,2.6411290322580645,248
m2459,3.222672064777328,247
m1021,2.769230769230769,247
m3788,3.8089430894308944,246
m3700,3.5853658536585367,246
m2772,3.032520325203252,246
m3365,4.085714285714285,245
m3819,4.024489795918368,245
m2121,2.730612244897959,245
m3764,2.6408163265306124,245
m413,2.5306122448979593,245
m1218,4.19672131147541,244
m3102,3.6434426229508197,244
m2374,2.930327868852459,244
m273,2.8975409836065573,244
m307,4.098765432098766,243
m1211,4.1115702479338845,242
m41,3.958677685950413,242
m1010,3.268595041322314,242
m2120,2.9421487603305785,242
m1971,2.239669421487603,242
m3741,4.078838174273859,241
m1227,3.863070539419087,241
m2922,3.7468879668049793,241
m3861,3.103734439834025,241
m1541,3.1,240
m2796,2.95,240
m2859,4.2343096234309625,239
m362,3.3640167364016738,239
m2089,3.196652719665272,239
m2249,3.192468619246862,239
m719,2.8619246861924688,239
m1991,2.702928870292887,239
m1348,3.991596638655462,238
m2644,3.827731092436975,238
m1542,3.542016806722689,238
m2240,3.508403361344538,238
m2135,3.2016806722689077,238
m2372,2.966386554621849,238
m3707,3.0843881856540083,237
m879,2.827004219409283,237
m836,2.654008438818565,237
m1939,4.122881355932203,236
m86,3.3940677966101696,236
m1611,3.3516949152542375,236
m2316,2.983050847457627,236
m3783,4.029787234042553,235
m233,3.6127659574468085,235
m2583,3.608510638297872,235
m2558,2.74468085106383,235
m3742,3.97008547008547,234
m1015,3.3461538461538463,234
m3882,3.2735042735042734,234
m2203,4.2703862660944205,233
m281,3.648068669527897,233
m2232,3.467811158798283,233
m804,2.9785407725321886,233
m2122,2.4463519313304722,233
m3932,3.75,232
m986,3.603448275862069,232
m3213,3.560344827586207,232
m2709,3.1767241379310347,232
m1007,2.978448275862069,232
m1431,2.5474137931034484,232
m1205,3.380952380952381,231
m1130,3.25974025974026,231
m1713,3.0432900432900434,231
m2147,2.54978354978355,231
m1178,4.473913043478261,230
m2677,4.056521739130435,230
m1290,3.591304347826087,230
m1772,2.4304347826086956,230
m2745,3.8951965065502185,229
m89,3.074235807860262,229
m1251,4.105263157894737,228
m448,3.6008771929824563,228
m450,3.280701754385965,228
m276,2.692982456140351,228
m3516,3.7665198237885464,227
m1615,3.6211453744493394,227
m1762,2.73568281938326,227
m1226,4.053097345132743,226
m605,3.314159292035398,226
m2279,2.7168141592920354,226
m1931,4.0311111111111115,225
m2736,3.4355555555555557,225
m3179,3.4133333333333336,225
m2379,2.3866666666666667,225
m2693,3.857142857142857,224
m73,3.8169642857142856,224
m3032,3.5401785714285716,224
m3342,3.8565022421524664,223
m3546,3.7219730941704037,223
m3930,3.2556053811659194,223
m2399,2.6681614349775784,223
m3074,3.7882882882882885,222
m3729,3.4144144144144146,222
m3444,3.225225225225225,222
m2136,3.1486486486486487,222
m1359,2.4774774774774775,222
m1023,3.986425339366516,221
m2099,3.6018099547511313,221
m2025,3.3438914027149322,221
m423,3.1085972850678734,221
m338,2.8823529411764706,221
m42,2.8687782805429864,221
m1132,4.259090909090909,220
m2670,4.0,220
m175,3.477272727272727,220
m3430,3.340909090909091,220
m3194,3.3045454545454547,220
m1783,2.9272727272727272,220
m1949,4.232876712328767,219
m3814,4.0228310502283104,219
m1392,3.73972602739726,219
m3466,3.547945205479452,219
m2159,3.4794520547945207,219
m3404,3.452054794520548,219
m2553,3.356164383561644,219
m207,3.132420091324201,219
m1683,3.761467889908257,218
m837,3.477064220183486,218
m256,2.6513761467889907,218
m728,3.7649769585253456,217
m2387,2.774193548387097,217
m2269,2.737327188940092,217
m193,2.0506912442396312,217
m1131,4.324074074074074,216
m1281,4.032407407407407,216
m1340,3.912037037037037,216
m464,2.7824074074074074,216
m1461,2.574074074074074,216
m611,2.4722222222222223,216
m3030,4.404651162790698,215
m2357,4.283720930232558,215
m949,3.9767441860465116,215
m2929,3.474418604651163,215
m282,3.2232558139534886,215
m3426,3.1953488372093024,215
m2123,2.869767441860465,215
m1973,2.181395348837209,215
m2568,2.107476635514019,214
m2202,3.943661971830986,213
m194,3.755868544600939,213
m3111,3.699530516431925,213
m1951,3.6948356807511735,213
m2097,3.488262910798122,213
m1799,3.4131455399061035,213
m2907,2.4460093896713615,213
m688,2.276995305164319,213
m3347,3.981132075471698,212
m280,3.5707547169811322,212
m1194,3.4764150943396226,212
m491,3.3160377358490565,212
m371,3.1792452830188678,212
m381,3.2606635071090047,211
m1821,3.1943127962085307,211
m2877,3.014218009478673,211
m186,2.7630331753554502,211
m3682,3.6904761904761907,210
m3422,3.4,210
m1727,3.2285714285714286,210
m3394,2.6714285714285713,210
m1389,1.8523809523809525,210
m322,3.712918660287081,209
m1191,3.062200956937799,209
m1064,2.8947368421052633,209
m3093,3.6971153846153846,208
m3852,3.6971153846153846,208
m417,3.485576923076923,208
m537,3.077294685990338,207
m2606,2.7246376811594204,207
m3022,4.368932038834951,206
m3097,4.038834951456311,206
m931,3.912621359223301,206
m3928,3.441747572815534,206
m542,2.674757281553398,206
m1752,2.6553398058252426,206
m2163,2.6067961165048543,206
m3754,2.495145631067961,206
m1946,3.975609756097561,205
m176,3.9170731707317072,205
m2392,2.234146341463415,205
m3204,3.661764705882353,204
m798,2.7058823529411766,204
m3296,3.793103448275862,203
m203,3.0541871921182264,203
m204,2.9211822660098523,203
m533,2.7339901477832513,203
m405,2.123152709359606,203
m308,3.9653465346534653,202
m2236,3.608910891089109,202
m3248,2.5396039603960396,202
m519,1.9405940594059405,202
m2729,3.8656716417910446,201
m1734,3.825870646766169,201
m2344,3.4228855721393034,201
m2142,2.8308457711442787,201
m3825,2.7611940298507465,201
m2259,2.716417910447761,201
m3910,3.82,200
m3125,3.515,200
m3270,3.285,200
m2033,3.165,200
m1665,2.685,200
m1972,1.995,200
m3801,4.231155778894473,199
m2208,4.185929648241206,199
m3420,3.71356783919598,199
m2866,3.6884422110552766,199
m3676,3.4673366834170856,199
m3519,3.3467336683417086,199
m2107,2.6884422110552766,199
m2574,2.6683417085427137,199
m2806,2.6331658291457285,199
m1976,1.979899497487437,199
m1948,3.8585858585858586,198
m1966,3.6464646464646466,198
m2439,3.611111111111111,198
m1173,3.3484848484848486,198
m1753,3.202020202020202,198
m2038,2.904040404040404,198
m1862,2.0505050505050506,198
m2102,3.3857868020304567,197
m2171,3.688775510204082,196
m2380,2.0306122448979593,196
m3135,3.948717948717949,195
m3724,3.717948717948718,195
m477,3.466666666666667,195
m218,3.128205128205128,195
m2266,2.871794871794872,195
m1983,2.753846153846154,195
m1099,3.9896907216494846,194
m1279,3.747422680412371,194
m3066,3.7010309278350517,194
m1648,3.4742268041237114,194
m85,3.402061855670103,194
m122,2.768041237113402,194
m2870,3.5906735751295336,193
m407,2.911917098445596,193
m2042,2.6321243523316062,193
m2473,2.4093264248704664,193
m3515,3.1875,192
m88,2.9427083333333335,192
m2176,3.8952879581151834,191
m3766,2.5392670157068062,191
m3769,3.3842105263157896,190
m3029,3.2736842105263158,190
m188,3.221052631578947,190
m3324,2.763157894736842,190
m1760,1.8736842105263158,190
m1446,4.052910052910053,189
m932,3.9523809523809526,189
m1649,3.8518518518518516,189
m918,3.7936507936507935,189
m2551,3.291005291005291,189
m1866,3.0899470899470898,189
m2615,3.0105820105820107,189
m818,2.560846560846561,189
m2373,2.4814814814814814,189
m2448,2.3492063492063493,189
m947,4.1063829787234045,188
m3521,3.877659574468085,188
m1353,3.0851063829787235,188
m3440,1.9202127659574468,188
m2731,4.320855614973262,187
m906,4.096256684491979,187
m938,3.620320855614973,187
m2320,3.106951871657754,187
m157,2.732620320855615,187
m429,2.379679144385027,187
m2952,3.747311827956989,186
m3831,3.7204301075268815,186
m2252,3.0161290322580645,186
m2091,2.849462365591398,186
m2891,3.4918918918918918,185
m490,3.324324324324324,185
m2106,3.2972972972972974,185
m2752,2.962162162162162,185
m3710,2.254054054054054,185
m3786,3.25,184
m2550,3.5027322404371586,183
m2060,2.9945355191256833,183
m2377,2.9453551912568305,183
m2052,2.8688524590163933,183
m891,2.360655737704918,183
m374,2.1147540983606556,183
m1289,3.9725274725274726,182
m94,3.7252747252747254,182
m3594,3.302197802197802,182
m3693,2.697802197802198,182
m1995,2.423076923076923,182
m3877,2.021978021978022,182
m147,3.541436464088398,181
m2504,2.883977900552486,181
m1515,2.5580110497237567,181
m1785,3.388888888888889,180
m3926,3.361111111111111,180
m2014,3.1777777777777776,180
m3326,2.8555555555555556,180
m2429,2.827777777777778,180
m3646,2.4444444444444446,180
m28,4.055865921787709,179
m2183,3.9329608938547485,179
m1660,3.569832402234637,179
m3598,3.458100558659218,179
m3896,3.3184357541899443,179
m2331,3.223463687150838,179
m2520,3.1452513966480447,179
m512,2.8715083798882683,179
m415,2.4804469273743015,179
m3268,1.782122905027933,179
m550,3.0168539325842696,178
m504,2.955056179775281,178
m76,2.853932584269663,178
m3835,2.707865168539326,178
m3090,4.141242937853107,177
m3341,4.03954802259887,177
m1848,3.0451977401129944,177
m3500,2.711864406779661,177
m2162,2.4124293785310735,177
m1730,3.727272727272727,176
m3538,3.664772727272727,176
m482,3.528409090909091,176
m2453,3.25,176
m3834,2.8238636363636362,176
m3299,2.2954545454545454,176
m1066,4.1657142857142855,175
m574,3.4457142857142857,175
m3412,3.3714285714285714,175
m2263,3.1028571428571428,175
m2549,2.2285714285714286,175
m901,3.6436781609195403,174
m3036,3.2298850574712645,174
m1346,3.1839080459770117,174
m742,2.528735632183908,174
m2381,1.9137931034482758,174
m1209,4.023121387283237,173
m2328,2.8497109826589595,173
m3387,2.722543352601156,173
m262,3.872093023255814,172
m3200,3.8488372093023258,172
m1858,3.2674418604651163,172
m943,3.982456140350877,171
m2071,3.9298245614035086,171
m3272,3.2046783625730995,171
m2560,3.111111111111111,171
m2771,2.888888888888889,171
m3773,2.818713450292398,171
m765,2.6315789473684212,171
m1975,2.426900584795322,171
m991,3.523529411764706,170
m277,3.1823529411764704,170
m1128,2.9235294117647057,170
m2497,2.835294117647059,170
m4,2.7294117647058824,170
m3606,3.940828402366864,169
m1034,3.6449704142011834,169
m2730,3.5502958579881656,169
m2546,2.940828402366864,169
m540,2.2189349112426036,169
m1977,2.1775147928994083,169
m290,3.9166666666666665,168
m154,3.7261904761904763,168
m1414,3.5952380952380953,168
m1425,3.2916666666666665,168
m3483,3.011904761904762,168
m1806,2.892857142857143,168
m239,2.875,168
m3177,2.6011904761904763,168
m2206,4.0119760479041915,167
m1797,4.005988023952096,167
m1913,3.8263473053892216,167
m2349,3.6107784431137726,167
m3506,3.3652694610778444,167
m3918,2.802395209580838,167
m3167,3.6325301204819276,166
m43,3.4457831325301207,166
m2846,3.3674698795180724,166
m81,3.1626506024096384,166
m46,3.108433734939759,166
m2148,2.8855421686746987,166
m427,2.3674698795180724,166
m3134,4.33939393939394,165
m3634,4.254545454545455,165
m3784,3.2363636363636363,165
m2789,2.993939393939394,165
m2852,3.7378048780487805,164
m1083,3.5304878048780486,164
m2879,3.4634146341463414,164
m1875,3.402439024390244,164
m195,2.841463414634146,164
m2902,2.4207317073170733,164
m2555,1.701219512195122,164
m3181,3.7116564417177913,163
m2506,3.3435582822085887,163
m2836,3.294478527607362,163
m2639,3.2024539877300615,163
m3262,2.9693251533742333,163
m2092,2.4355828220858897,163
m2633,3.537037037037037,162
m1401,3.506172839506173,162
m1487,3.067901234567901,162
m2017,2.9876543209876543,162
m2787,2.9012345679012346,162
m1593,2.8641975308641974,162
m2936,4.093167701863354,161
m946,3.8509316770186337,161
m2261,3.329192546583851,161
m3051,2.950310559006211,161
m2026,2.68944099378882,161
m2900,2.6832298136645965,161
m332,2.546583850931677,161
m3024,2.347826086956522,161
m3190,2.1490683229813663,161
m2442,3.825,160
m215,3.80625,160
m2943,3.78125,160
m3550,3.43125,160
m1840,3.38125,160
m20,2.5375,160
m12,2.3625,160
m3325,2.33125,160
m2798,1.925,160
m1361,4.213836477987422,159
m1150,3.930379746835443,158
m289,3.3417721518987342,158
m2043,3.2721518987341773,158
m2361,3.240506329113924,158
m549,3.821656050955414,157
m18,3.337579617834395,157
m2829,2.9554140127388533,157
m3660,2.859872611464968,157
m3392,1.9363057324840764,157
m3789,4.198717948717949,156
m848,3.4358974358974357,156
m1016,3.217948717948718,156
m2540,3.032051282051282,156
m3672,2.967948717948718,156
m419,2.1923076923076925,156
m1445,2.173076923076923,156
m3078,3.6516129032258067,155
m3480,3.6258064516129034,155
m1699,3.503225806451613,155
m3529,3.470967741935484,155
m502,1.935483870967742,155
m1082,3.7012987012987013,154
m3266,3.655844155844156,154
m2077,3.4935064935064934,154
m1707,1.8766233766233766,154
m714,3.888888888888889,153
m14,3.542483660130719,153
m315,2.65359477124183,153
m2525,2.235294117647059,153
m892,3.861842105263158,152
m511,3.1052631578947367,152
m438,2.625,152
m3364,3.9271523178807946,151
m1794,3.4304635761589406,151
m3771,3.3973509933774833,151
m842,2.589403973509934,151
m473,2.225165562913907,151
m2382,1.7666666666666666,150
m3653,3.791946308724832,149
m3011,3.610738255033557,149
m330,2.7315436241610738,149
m518,2.4563758389261743,149
m2383,1.657718120805369,149
m2732,3.97972972972973,148
m3728,3.9594594594594597,148
m3747,3.75,148
m3727,3.7094594594594597,148
m2024,3.3175675675675675,148
m1453,2.4324324324324325,148
m2816,1.864864864864865,148
m1177,3.993197278911565,147
m3929,3.993197278911565,147
m1187,3.6598639455782314,147
m2184,3.598639455782313,147
m3865,3.2312925170068025,147
m2315,2.36734693877551,147
m2119,2.272108843537415,147
m234,2.2244897959183674,147
m1273,3.9657534246575343,146
m2611,3.910958904109589,146
m1050,3.8219178082191783,146
m2432,3.136986301369863,146
m2385,2.5753424657534247,146
m15,2.458904109589041,146
m1474,2.335616438356164,146
m2935,4.1931034482758625,145
m3079,3.882758620689655,145
m1464,3.3517241379310345,145
m700,3.3241379310344827,145
m2041,2.668965517241379,145
m782,2.5517241379310347,145
m1503,2.317241379310345,145
m3405,3.875,144
m2166,3.5208333333333335,144
m3015,3.375,144
m2430,3.111111111111111,144
m328,3.111111111111111,144
m709,3.0416666666666665,144
m3879,2.7847222222222223,144
m2629,2.75,144
m1468,2.5625,144
m258,2.423611111111111,144
m2296,2.3819444444444446,144
m3350,3.972027972027972,143
m299,3.664335664335664,143
m3503,3.4545454545454546,143
m459,2.832167832167832,143
m3864,2.6923076923076925,143
m65,2.062937062937063,143
m2370,3.5140845070422535,142
m1005,2.3732394366197185,142
m1863,2.2183098591549295,142
m3091,4.283687943262412,141
m581,4.049645390070922,141
m2575,4.0,141
m358,3.1702127659574466,141
m2956,3.1347517730496453,141
m31,3.1134751773049647,141
m3457,2.99290780141844,141
m2354,2.780141843971631,141
m1483,2.7588652482269502,141
m436,2.652482269503546,141
m694,2.645390070921986,141
m3385,2.5531914893617023,141
m3689,2.0425531914893615,141
m2069,3.7857142857142856,140
m2475,3.3,140
m378,2.892857142857143,140
m2154,2.7857142857142856,140
m267,2.7285714285714286,140
m637,2.5428571428571427,140
m3028,3.762589928057554,139
m2596,3.618705035971223,139
m3445,3.194244604316547,139
m140,3.1654676258992804,139
m2492,2.856115107913669,139
m177,2.7338129496402876,139
m3063,2.7194244604316546,139
m1554,3.4782608695652173,138
m3846,3.1449275362318843,138
m248,2.9130434782608696,138
m3616,2.4565217391304346,138
m1726,2.7737226277372264,137
m548,2.5474452554744524,137
m2748,2.051094890510949,137
m2612,4.088235294117647,136
m1419,3.963235294117647,136
m1306,3.6029411764705883,136
m1014,3.4044117647058822,136
m2554,3.176470588235294,136
m2365,2.7720588235294117,136
m3054,1.9779411764705883,136
m2660,3.8962962962962964,135
m2757,3.8222222222222224,135
m1836,3.311111111111111,135
m695,3.1777777777777776,135
m2195,3.0074074074074075,135
m3937,2.9407407407407407,135
m1011,2.725925925925926,135
m558,2.7037037037037037,135
m3889,2.414814814814815,135
m839,2.214814814814815,135
m3475,3.962686567164179,134
m2310,3.798507462686567,134
m2654,3.7611940298507465,134
m3327,3.529850746268657,134
m1681,2.1791044776119404,134
m2924,3.9097744360902253,133
m1897,3.5037593984962405,133
m2996,3.4285714285714284,133
m3206,3.2481203007518795,133
m135,2.81203007518797,133
m479,2.7969924812030076,133
m2851,2.443609022556391,133
m1992,2.112781954887218,133
m556,4.2272727272727275,132
m936,4.075757575757576,132
m1190,3.507575757575758,132
m1085,3.7786259541984735,131
m2048,3.49618320610687,131
m1498,3.1374045801526718,131
m2561,3.0381679389312977,131
m2526,2.366412213740458,131
m829,2.2900763358778624,131
m2726,4.1692307692307695,130
m948,3.753846153846154,130
m3142,3.3846153846153846,130
m3120,3.0153846153846153,130
m2169,2.6769230769230767,130
m2458,2.476923076923077,130
m1176,3.937984496124031,129
m2241,2.7751937984496124,129
m3584,2.7674418604651163,129
m3287,2.7286821705426356,129
m227,2.6744186046511627,129
m544,2.643410852713178,129
m2027,2.449612403100775,129
m1985,2.4108527131782944,129
m2068,3.8828125,128
m2212,3.8359375,128
m2860,3.2578125,128
m2151,3.171875,128
m100,3.0625,128
m662,2.984375,128
m2040,2.9453125,128
m3436,2.7890625,128
m1623,2.2109375,128
m3564,1.8046875,128
m2967,3.748031496062992,127
m3915,3.5118110236220472,127
m851,3.4960629921259843,127
m3571,3.377952755905512,127
m1382,2.779527559055118,127
m1999,2.748031496062992,127
m305,2.5039370078740157,127
m360,2.4960629921259843,127
m1986,2.125984251968504,127
m2443,3.5952380952380953,126
m1465,3.492063492063492,126
m1024,3.246031746031746,126
m2337,3.2063492063492065,126
m23,2.857142857142857,126
m2280,3.432,125
m2817,1.64,125
m3182,3.9596774193548385,124
m3925,3.8548387096774195,124
m1484,3.7016129032258065,124
m547,2.879032258064516,124
m213,4.056910569105691,123
m1018,3.252032520325203,123
m761,2.7886178861788617,123
m2170,2.5528455284552845,123
m2498,2.3333333333333335,123
m1938,3.9098360655737703,122
m3604,3.69672131147541,122
m2436,3.5901639344262297,122
m3225,2.6885245901639343,122
m3286,2.2131147540983607,122
m3690,2.040983606557377,122
m1305,3.793388429752066,121
m627,3.603305785123967,121
m2290,3.28099173553719,121
m3794,3.28099173553719,121
m1390,3.1983471074380163,121
m691,3.0991735537190084,121
m801,3.0991735537190084,121
m1003,2.9421487603305785,121
m3600,2.8264462809917354,121
m2364,2.7768595041322315,121
m2828,2.1074380165289255,121
m346,3.525,120
m74,2.975,120
m3758,2.7583333333333333,120
m810,1.4666666666666666,120
m1942,4.033613445378151,119
m3554,3.453781512605042,119
m2325,3.134453781512605,119
m352,3.134453781512605,119
m1804,3.033613445378151,119
m2535,2.8487394957983194,119
m2888,2.7815126050420167,119
m2500,2.596638655462185,119
m2932,3.957627118644068,118
m2181,3.5677966101694913,118
m3045,3.093220338983051,118
m2882,2.7966101694915255,118
m3130,2.3728813559322033,118
m2360,4.3076923076923075,117
m199,3.8119658119658117,117
m523,3.658119658119658,117
m2899,3.547008547008547,117
m521,3.3675213675213675,117
m3824,2.128205128205128,117
m159,3.2844827586206895,116
m1658,3.1724137931034484,116
m1919,3.1724137931034484,116
m1330,3.0,116
m3557,2.896551724137931,116
m2460,2.353448275862069,116
m2514,2.060344827586207,116
m123,3.869565217391304,115
m2491,2.739130434782609,115
m334,3.8596491228070176,114
m506,3.491228070175439,114
m257,3.2280701754385963,114
m79,2.6052631578947367,114
m1978,2.0789473684210527,114
m1941,3.8053097345132745,113
m1904,3.4867256637168142,113
m2095,2.9734513274336285,113
m1667,2.7787610619469025,113
m2451,2.646017699115044,113
m3709,2.3893805309734515,113
m3401,2.106194690265487,113
m169,2.017699115044248,113
m1998,1.7699115044247788,113
m3936,3.7232142857142856,112
m2272,3.455357142857143,112
m3725,3.0714285714285716,112
m1363,2.9732142857142856,112
m3840,2.544642857142857,112
m1592,2.4910714285714284,112
m312,2.4375,112
m1979,2.1785714285714284,112
m1996,1.8303571428571428,112
m2351,4.207207207207207,111
m2975,3.036036036036036,111
m63,2.855855855855856,111
m1598,2.7117117117117115,111
m1069,3.9272727272727272,110
m2173,3.5636363636363635,110
m3115,3.1636363636363636,110
m2418,3.0727272727272728,110
m2165,3.376146788990826,109
m1686,3.1559633027522938,109
m1629,3.018348623853211,109
m2016,2.6605504587155964,109
m1606,2.3394495412844036,109
m3330,3.759259259259259,108
m2988,3.638888888888889,108
m229,3.5,108
m1366,3.185185185185185,108
m1043,2.8425925925925926,108
m1855,2.3981481481481484,108
m1935,4.02803738317757,107
m2940,4.009345794392523,107
m2669,3.7383177570093458,107
m2782,3.5046728971962615,107
m3627,3.4766355140186915,107
m575,2.822429906542056,107
m743,2.5700934579439254,107
m2066,4.150943396226415,106
m3807,3.2735849056603774,106
m451,3.150943396226415,106
m3901,2.650943396226415,106
m692,2.1132075471698113,106
m1192,4.0285714285714285,105
m907,3.9238095238095236,105
m3406,3.7523809523809524,105
m941,3.704761904761905,105
m425,3.6095238095238096,105
m465,3.3142857142857145,105
m187,3.238095238095238,105
m809,2.5714285714285716,105
m2548,2.2285714285714286,105
m1984,2.0952380952380953,105
m393,1.8571428571428572,105
m2937,4.288461538461538,104
m1824,3.3653846153846154,104
m1399,3.201923076923077,104
m2314,3.1346153846153846,104
m886,2.9423076923076925,104
m3923,2.576923076923077,104
m2050,2.5384615384615383,104
m3017,2.5288461538461537,104
m3767,2.0865384615384617,104
m3357,3.766990291262136,103
m3599,3.6310679611650487,103
m1535,3.4854368932038833,103
m781,3.378640776699029,103
m835,3.1262135922330097,103
m2978,2.8446601941747574,103
m2149,2.2524271844660193,103
m2624,4.088235294117647,102
m1827,4.0,102
m3872,3.8333333333333335,102
m2570,3.5980392156862746,102
m2645,3.343137254901961,102
m2587,2.9607843137254903,102
m1332,2.911764705882353,102
m259,2.843137254901961,102
m2898,2.7450980392156863,102
m387,2.7450980392156863,102
m9,2.656862745098039,102
m3094,3.8514851485148514,101
m3643,3.4356435643564356,101
m3628,3.4158415841584158,101
m735,3.3564356435643563,101
m1816,2.9603960396039604,101
m1004,2.6633663366336635,101
m2051,2.5544554455445545,101
m2920,4.19,100
m1362,4.03,100
m978,3.94,100
m190,3.75,100
m1758,3.65,100
m766,3.57,100
m26,3.53,100
m569,2.93,100
m2327,2.85,100
m1432,2.77,100
m445,2.61,100
m3946,2.26,100
m3799,1.62,100
m2927,4.08080808080808,99
m57,3.404040404040404,99
m13,3.2626262626262625,99
m2435,3.080808080808081,99
m126,1.9898989898989898,99
m1981,1.8383838383838385,99
m2799,1.5555555555555556,99
m2970,3.9591836734693877,98
m897,3.7551020408163267,98
m2495,3.6020408163265305,98
m2182,3.5816326530612246,98
m3726,3.5714285714285716,98
m1051,3.4183673469387754,98
m2903,2.0510204081632653,98
m944,3.7938144329896906,97
m2239,3.7422680412371134,97
m388,3.6391752577319587,97
m1008,3.329896907216495,97
m3214,3.329896907216495,97
m3544,2.917525773195876,97
m489,2.4742268041237114,97
m1993,1.8969072164948453,97
m66,1.6701030927835052,97
m1162,3.90625,96
m2519,3.2291666666666665,96
m3497,3.0520833333333335,96
m3943,3.0520833333333335,96
m2356,2.8958333333333335,96
m3391,2.28125,96
m2036,2.21875,96
m71,2.1041666666666665,96
m3379,3.9473684210526314,95
m2725,3.7473684210526317,95
m2347,3.736842105263158,95
m2178,3.663157894736842,95
m1841,2.9473684210526314,95
m1111,4.095744680851064,94
m1161,3.9468085106382977,94
m3613,3.75531914893617,94
m501,3.606382978723404,94
m2661,3.3617021276595747,94
m421,3.3617021276595747,94
m1167,2.893617021276596,94
m1352,2.851063829787234,94
m1460,2.6808510638297873,94
m3895,2.3404255319148937,94
m456,4.0,93
m3096,3.956989247311828,93
m929,3.78494623655914,93
m3076,3.7096774193548385,93
m72,3.6344086021505375,93
m171,3.5698924731182795,93
m2634,3.247311827956989,93
m2084,3.129032258064516,93
m998,3.010752688172043,93
m2472,2.978494623655914,93
m606,2.225806451612903,93
m181,1.6129032258064515,93
m3470,4.326086956521739,92
m2330,4.163043478260869,92
m3275,3.619565217391304,92
m3619,3.260869565217391,92
m3509,2.847826086956522,92
m3908,2.1847826086956523,92
m3662,2.097826086956522,92
m1788,3.956043956043956,91
m2969,3.912087912087912,91
m1940,3.89010989010989,91
m1184,3.802197802197802,91
m2801,3.5164835164835164,91
m3217,3.3516483516483517,91
m2057,3.340659340659341,91
m725,2.791208791208791,91
m132,2.4945054945054945,91
m1987,2.32967032967033,91
m1980,2.1538461538461537,91
m2807,1.7582417582417582,91
m1236,4.188888888888889,90
m1046,4.066666666666666,90
m3678,3.7555555555555555,90
m1647,2.8777777777777778,90
m1410,2.8666666666666667,90
m2856,2.7777777777777777,90
m414,2.6555555555555554,90
m2306,2.488888888888889,90
m82,3.8764044943820224,89
m2204,3.8202247191011236,89
m650,3.4719101123595504,89
m3837,2.8876404494382024,89
m2862,2.5842696629213484,89
m3453,2.4831460674157304,89
m416,2.4269662921348316,89
m93,2.235955056179775,89
m3077,4.2272727272727275,88
m2682,4.056818181818182,88
m3502,3.5113636363636362,88
m1661,3.1931818181818183,88
m1646,2.8181818181818183,88
m1605,2.659090909090909,88
m1526,2.465909090909091,88
m3715,2.4545454545454546,88
m92,2.340909090909091,88
m3720,3.6666666666666665,87
m1216,3.6551724137931036,87
m155,3.413793103448276,87
m1654,3.310344827586207,87
m458,3.2758620689655173,87
m2714,3.2528735632183907,87
m2749,3.218390804597701,87
m3399,3.1264367816091956,87
m3919,2.2298850574712645,87
m302,3.813953488372093,86
m3370,3.4302325581395348,86
m461,3.2790697674418605,86
m2488,3.8588235294117648,85
m2721,3.764705882352941,85
m3713,3.7411764705882353,85
m2437,3.6470588235294117,85
m205,3.611764705882353,85
m3046,3.4941176470588236,85
m1621,3.2823529411764705,85
m3590,2.8588235294117648,85
m3431,2.6705882352941175,85
m697,2.552941176470588,85
m927,3.9761904761904763,84
m3622,3.8333333333333335,84
m1929,3.7857142857142856,84
m340,3.2738095238095237,84
m1600,2.869047619047619,84
m2521,2.630952380952381,84
m1640,2.5357142857142856,84
m522,3.566265060240964,83
m3813,3.289156626506024,83
m2177,3.216867469879518,83
m2844,3.180722891566265,83
m3810,3.1325301204819276,83
m2264,2.5903614457831323,83
m2265,2.0,83
m973,3.9146341463414633,82
m1936,3.8780487804878048,82
m3859,3.8780487804878048,82
m2511,3.8658536585365852,82
m206,3.6707317073170733,82
m613,3.6341463414634148,82
m1670,3.5,82
m3055,3.3902439024390243,82
m2780,3.182926829268293,82
m1454,3.158536585365854,82
m2651,3.1463414634146343,82
m1733,3.1097560975609757,82
m3553,2.768292682926829,82
m3661,2.207317073170732,82
m2983,3.9876543209876543,81
m2075,3.740740740740741,81
m2696,3.691358024691358,81
m982,3.6790123456790123,81
m3086,3.580246913580247,81
m1054,3.308641975308642,81
m1475,3.1481481481481484,81
m1440,2.765432098765432,81
m1626,2.5185185185185186,81
m174,2.308641975308642,81
m444,2.2962962962962963,81
m3768,2.1604938271604937,81
m242,3.5,80
m275,2.5375,80
m117,3.632911392405063,79
m2738,3.4556962025316458,79
m3425,3.2911392405063293,79
m2168,3.0759493670886076,79
m270,3.037974683544304,79
m2255,2.607594936708861,79
m612,2.4050632911392404,79
m2522,2.3544303797468356,79
m64,2.2658227848101267,79
m2113,2.151898734177215,79
m3230,3.6666666666666665,78
m1006,3.08974358974359,78
m639,2.6153846153846154,78
m833,2.1794871794871793,78
m3224,4.0519480519480515,77
m1934,4.012987012987013,77
m2238,3.831168831168831,77
m3547,3.792207792207792,77
m917,3.675324675324675,77
m635,3.6233766233766236,77
m3738,3.4545454545454546,77
m2928,3.3376623376623376,77
m2769,3.220779220779221,77
m1355,2.961038961038961,77
m1744,2.675324675324675,77
m881,2.6233766233766236,77
m3743,2.5974025974025974,77
m1655,2.4285714285714284,77
m3572,1.7272727272727273,77
m2029,3.6710526315789473,76
m2271,3.289473684210526,76
m1404,3.1447368421052633,76
m2098,3.1447368421052633,76
m87,2.210526315789474,76
m1601,2.72,75
m424,2.6,75
m191,2.466666666666667,75
m631,2.08,75
m3038,4.202702702702703,74
m2295,3.810810810810811,74
m483,3.7432432432432434,74
m30,3.6486486486486487,74
m3427,3.3378378378378377,74
m764,3.27027027027027,74
m1642,3.054054054054054,74
m2267,2.945945945945946,74
m2417,2.945945945945946,74
m3423,2.918918918918919,74
m2445,2.7972972972972974,74
m1545,4.068493150684931,73
m3417,3.589041095890411,73
m3117,3.3013698630136985,73
m3041,1.6986301369863013,73
m3447,3.7222222222222223,72
m1202,3.611111111111111,72
m3792,3.5555555555555554,72
m1870,3.513888888888889,72
m2880,3.4583333333333335,72
m3199,3.3472222222222223,72
m408,3.3194444444444446,72
m1856,3.0555555555555554,72
m2786,2.4166666666666665,72
m3432,2.263888888888889,72
m2965,2.0277777777777777,72
m449,3.6619718309859155,71
m935,3.6338028169014085,71
m2665,3.4225352112676055,71
m2275,3.3661971830985915,71
m365,3.1690140845070425,71
m1442,3.0985915492957745,71
m3235,3.0,71
m3732,2.9859154929577465,71
m3340,2.8028169014084505,71
m1550,2.704225352112676,71
m640,2.676056338028169,71
m3669,2.380281690140845,71
m3048,2.352112676056338,71
m3822,3.757142857142857,70
m2276,3.7142857142857144,70
m3112,3.3714285714285714,70
m1241,3.357142857142857,70
m3914,3.3285714285714287,70
m35,3.3142857142857145,70
m2062,3.2,70
m3180,2.2,70
m2905,4.608695652173913,69
m3075,3.9855072463768115,69
m3746,3.8550724637681157,69
m893,3.6956521739130435,69
m2621,3.652173913043478,69
m3658,3.652173913043478,69
m988,3.3768115942028984,69
m2419,3.2028985507246377,69
m3858,3.1594202898550723,69
m152,3.0,69
m469,2.9565217391304346,69
m3909,2.681159420289855,69
m505,2.4927536231884058,69
m1839,2.260869565217391,69
m2152,2.1159420289855073,69
m2607,4.088235294117647,68
m3487,3.7205882352941178,68
m2774,3.514705882352941,68
m118,3.073529411764706,68
m3103,3.0588235294117645,68
m8,3.014705882352941,68
m1881,2.7794117647058822,68
m528,2.514705882352941,68
m3579,2.485294117647059,68
m2609,4.223880597014926,67
m615,4.044776119402985,67
m2874,3.5223880597014925,67
m453,3.2238805970149254,67
m354,3.1791044776119404,67
m513,3.1194029850746268,67
m61,3.0,67
m609,2.7761194029850746,67
m3716,2.373134328358209,67
m2974,1.835820895522388,67
m1599,1.6417910447761195,67
m3920,3.712121212121212,66
m2073,3.6666666666666665,66
m3823,3.590909090909091,66
m156,3.5606060606060606,66
m3118,3.5303030303030303,66
m3211,3.515151515151515,66
m3795,3.409090909090909,66
m3138,3.196969696969697,66
m3714,3.1363636363636362,66
m2582,3.106060606060606,66
m2625,3.0757575757575757,66
m3491,2.9393939393939394,66
m3511,2.590909090909091,66
m255,2.0606060606060606,66
m2972,4.015384615384615,65
m3456,3.9384615384615387,65
m3375,3.3384615384615386,65
m2649,3.3230769230769233,65
m3013,2.8923076923076922,65
m1604,2.753846153846154,65
m2007,2.6769230769230767,65
m3696,2.5538461538461537,65
m1595,1.7384615384615385,65
m3042,1.5538461538461539,65
m1337,3.5625,64
m680,3.359375,64
m3109,3.21875,64
m486,2.8125,64
m2589,2.734375,64
m1837,2.6875,64
m217,2.625,64
m2597,2.609375,64
m1456,2.359375,64
m437,2.046875,64
m3774,1.96875,64
m1731,1.875,64
m3787,3.857142857142857,63
m1937,3.7301587301587302,63
m1397,3.6507936507936507,63
m3368,3.6507936507936507,63
m1482,3.3333333333333335,63
m2784,3.2063492063492065,63
m1398,3.1904761904761907,63
m2781,3.1746031746031744,63
m271,3.142857142857143,63
m2446,2.5396825396825395,63
m2868,2.3015873015873014,63
m1750,2.1904761904761907,63
m3679,4.274193548387097,62
m363,4.258064516129032,62
m2594,3.9516129032258065,62
m3310,3.7903225806451615,62
m580,3.2419354838709675,62
m3514,3.161290322580645,62
m2250,3.1451612903225805,62
m3141,3.0483870967741935,62
m1703,2.935483870967742,62
m2656,2.774193548387097,62
m3459,2.774193548387097,62
m487,2.6129032258064515,62
m711,2.5,62
m2461,2.096774193548387,62
m3694,1.8548387096774193,62
m326,4.344262295081967,61
m1900,4.163934426229508,61
m321,3.7540983606557377,61
m2885,3.360655737704918,61
m3718,3.3114754098360657,61
m1943,3.278688524590164,61
m565,3.1311475409836067,61
m2741,3.0163934426229506,61
m27,2.9344262295081966,61
m2283,2.918032786885246,61
m2790,2.6557377049180326,61
m3165,2.622950819672131,61
m166,2.459016393442623,61
m3150,3.683333333333333,60
m2434,3.6333333333333333,60
m68,3.45,60
m1582,3.1666666666666665,60
m806,3.1666666666666665,60
m3857,2.6666666666666665,60
m3577,2.65,60
m3596,2.533333333333333,60
m3064,2.5,60
m1887,2.4833333333333334,60
m102,1.8166666666666667,60
m759,4.101694915254237,59
m390,3.542372881355932,59
m3496,3.2203389830508473,59
m3428,2.9491525423728815,59
m1581,2.847457627118644,59
m882,2.711864406779661,59
m2386,1.9661016949152543,59
m1365,3.8448275862068964,58
m959,3.7413793103448274,58
m1684,3.7241379310344827,58
m2425,3.6206896551724137,58
m2180,3.3275862068965516,58
m369,3.310344827586207,58
m3806,3.2586206896551726,58
m603,3.0,58
m2667,2.6206896551724137,58
m3692,2.293103448275862,58
m3663,1.8620689655172413,58
m2368,1.6896551724137931,58
m2818,1.603448275862069,58
m2925,4.228070175438597,57
m803,3.6842105263157894,57
m3241,3.6666666666666665,57
m2753,3.491228070175439,57
m3734,3.491228070175439,57
m422,3.1228070175438596,57
m2035,3.1052631578947367,57
m1523,2.6315789473684212,57
m670,4.410714285714286,56
m3304,3.5714285714285716,56
m976,3.5714285714285716,56
m3372,3.5535714285714284,56
m3127,3.232142857142857,56
m2835,2.5357142857142856,56
m3833,2.5357142857142856,56
m1326,2.107142857142857,56
m3069,3.8181818181818183,55
m269,3.5272727272727273,55
m3947,3.4727272727272727,55
m2045,3.4545454545454546,55
m1612,3.327272727272727,55
m536,3.1636363636363636,55
m577,2.963636363636364,55
m3395,2.8363636363636364,55
m1746,2.7636363636363637,55
m1609,2.7454545454545456,55
m1336,2.2363636363636363,55
m747,2.0,55
m2285,3.888888888888889,54
m2210,3.7037037037037037,54
m3188,3.7037037037037037,54
m3950,3.6666666666666665,54
m963,3.574074074074074,54
m1865,3.5555555555555554,54
m2037,3.537037037037037,54
m1255,3.4074074074074074,54
m268,3.3703703703703702,54
m467,3.2037037037037037,54
m2507,2.9814814814814814,54
m828,2.9074074074074074,54
m313,2.888888888888889,54
m3518,2.8703703703703702,54
m2751,2.814814814814815,54
m990,2.574074074074074,54
m2462,1.8333333333333333,54
m3664,1.6851851851851851,54
m2820,3.5660377358490565,53
m2104,3.339622641509434,53
m3302,3.339622641509434,53
m2663,3.0754716981132075,53
m113,2.981132075471698,53
m1791,2.9622641509433962,53
m1341,2.849056603773585,53
m2362,2.849056603773585,53
m3031,2.150943396226415,53
m3695,1.8113207547169812,53
m80,3.826923076923077,52
m3289,3.769230769230769,52
m1516,3.6538461538461537,52
m1232,3.6346153846153846,52
m715,3.6153846153846154,52
m2499,3.5384615384615383,52
m2939,3.5,52
m3903,3.5,52
m1922,3.423076923076923,52
m1428,3.25,52
m2647,3.1923076923076925,52
m2190,2.8461538461538463,52
m779,2.6923076923076925,52
m2044,2.5384615384615383,52
m209,2.4615384615384617,52
m2515,1.7884615384615385,52
m1759,3.980392156862745,51
m3416,3.9411764705882355,51
m3008,3.7254901960784315,51
m3128,3.450980392156863,51
m896,3.4313725490196076,51
m964,3.392156862745098,51
m3790,3.372549019607843,51
m3605,3.0980392156862746,51
m2652,2.9215686274509802,51
m1756,2.549019607843137,51
m710,2.3333333333333335,51
m1869,2.3137254901960786,51
m1427,2.2941176470588234,51
m3393,2.1372549019607843,51
m1988,2.0980392156862746,51
m3737,4.0,50
m1180,3.84,50
m3655,3.78,50
m1056,3.54,50
m99,3.46,50
m1413,3.38,50
m1650,3.34,50
m3414,3.26,50
m78,3.26,50
m1331,3.18,50
m1113,3.0,50
m3620,3.0,50
m1624,2.72,50
m840,2.56,50
m2733,2.44,50
m3281,4.040816326530612,49
m1889,3.877551020408163,49
m3870,3.857142857142857,49
m1546,3.816326530612245,49
m1631,3.5918367346938775,49
m1447,3.36734693877551,49
m3144,3.2653061224489797,49
m182,3.142857142857143,49
m409,3.020408163265306,49
m3602,2.979591836734694,49
m3014,2.9183673469387754,49
m2260,2.795918367346939,49
m499,2.7551020408163267,49
m3626,2.4693877551020407,49
m325,2.4489795918367347,49
m870,2.183673469387755,49
m2585,3.8541666666666665,48
m2697,3.7291666666666665,48
m3371,3.7083333333333335,48
m309,3.6875,48
m3318,3.4791666666666665,48
m2573,3.4166666666666665,48
m3588,3.3333333333333335,48
m1472,3.25,48
m2590,3.0416666666666665,48
m1854,3.0208333333333335,48
m433,2.7916666666666665,48
m179,2.2083333333333335,48
m291,2.2083333333333335,48
m888,2.2083333333333335,48
m3433,2.1458333333333335,48
m1497,2.0833333333333335,48
m668,4.404255319148936,47
m3680,3.9361702127659575,47
m2708,3.8297872340425534,47
m149,3.7872340425531914,47
m2440,3.3617021276595747,47
m1896,3.106382978723404,47
m731,2.851063829787234,47
m463,2.74468085106383,47
m498,2.74468085106383,47
m1771,2.6382978723404253,47
m3839,2.6382978723404253,47
m3921,2.6382978723404253,47
m3674,2.595744680851064,47
m813,2.5106382978723403,47
m667,2.0425531914893615,47
m2655,1.7659574468085106,47
m1739,1.3617021276595744,47
m2618,3.891304347826087,46
m279,3.717391304347826,46
m2812,3.239130434782609,46
m2659,3.1739130434782608,46
m347,3.1739130434782608,46
m3765,2.847826086956522,46
m3276,2.652173913043478,46
m1439,2.347826086956522,46
m1571,3.9555555555555557,45
m1925,3.888888888888889,45
m3677,3.888888888888889,45
m3284,3.7333333333333334,45
m3183,3.6222222222222222,45
m3320,3.511111111111111,45
m55,3.066666666666667,45
m3719,3.022222222222222,45
m2977,2.911111111111111,45
m3898,2.7333333333333334,45
m240,2.7111111111111112,45
m564,2.2666666666666666,45
m2516,1.8444444444444446,45
m3808,4.0227272727272725,44
m1860,3.772727272727273,44
m937,3.75,44
m97,3.75,44
m3158,3.6363636363636362,44
m2237,3.590909090909091,44
m1812,3.477272727272727,44
m875,3.3863636363636362,44
m2341,3.272727272727273,44
m3782,2.727272727272727,44
m472,2.7045454545454546,44
m2479,2.272727272727273,44
m1525,2.090909090909091,44
m2614,1.9318181818181819,44
m1495,1.3181818181818181,44
m3849,4.046511627906977,43
m2284,3.7906976744186047,43
m3339,3.744186046511628,43
m2681,3.604651162790698,43
m1310,3.558139534883721,43
m3731,3.395348837209302,43
m808,3.395348837209302,43
m2345,3.372093023255814,43
m3367,3.372093023255814,43
m301,3.302325581395349,43
m2400,2.86046511627907,43
m1417,2.7674418604651163,43
m3454,2.697674418604651,43
m2876,2.6511627906976742,43
m885,2.5813953488372094,43
m3804,2.5348837209302326,43
m2286,2.511627906976744,43
m1602,2.116279069767442,43
m3945,1.4883720930232558,43
m1323,1.372093023255814,43
m3133,3.7142857142857144,42
m621,3.7142857142857144,42
m2842,3.4523809523809526,42
m495,3.380952380952381,42
m1507,3.3333333333333335,42
m294,3.0952380952380953,42
m869,3.0952380952380953,42
m2893,2.880952380952381,42
m2055,2.8333333333333335,42
m2653,2.761904761904762,42
m3838,2.619047619047619,42
m1798,2.5714285714285716,42
m2884,2.5714285714285716,42
m3691,2.5714285714285716,42
m343,2.4285714285714284,42
m510,2.4047619047619047,42
m2523,2.3095238095238093,42
m704,2.3095238095238093,42
m2477,2.2857142857142856,42
m2465,2.0238095238095237,42
m1105,1.7857142857142858,42
m602,4.121951219512195,41
m116,4.097560975609756,41
m2848,3.951219512195122,41
m2810,3.926829268292683,41
m2610,3.8780487804878048,41
m1910,3.7560975609756095,41
m2630,3.5121951219512195,41
m335,3.4878048780487805,41
m2689,3.3902439024390243,41
m210,3.1463414634146343,41
m3780,3.097560975609756,41
m2704,3.073170731707317,41
m54,2.5609756097560976,41
m3739,3.975,40
m3851,3.95,40
m3951,3.9,40
m1563,3.6,40
m3632,3.6,40
m956,3.55,40
m391,3.275,40
m1317,3.175,40
m3886,3.0,40
m2032,2.925,40
m384,2.9,40
m987,2.9,40
m1473,2.825,40
m278,2.75,40
m2566,2.425,40
m3343,2.375,40
m3884,2.375,40
m3912,2.3,40
m3043,1.725,40
m1826,1.55,40
m3539,3.8461538461538463,39
m3736,3.7948717948717947,39
m3855,3.6666666666666665,39
m3446,3.41025641025641,39
m488,3.3846153846153846,39
m2179,3.1538461538461537,39
m2646,2.871794871794872,39
m3922,2.58974358974359,39
m656,2.5641025641025643,39
m1668,2.5384615384615383,39
m3442,2.3076923076923075,39
m3816,3.763157894736842,38
m846,3.736842105263158,38
m2744,3.6842105263157894,38
m3132,3.6315789473684212,38
m452,3.289473684210526,38
m3659,3.210526315789474,38
m254,3.0789473684210527,38
m3389,2.710526315789474,38
m2307,2.6315789473684212,38
m1867,2.4210526315789473,38
m3434,2.263157894736842,38
m460,2.263157894736842,38
m2982,2.1052631578947367,38
m470,1.736842105263158,38
m121,4.054054054054054,37
m1669,3.4594594594594597,37
m970,3.4054054054054053,37
m3569,3.3513513513513513,37
m1547,3.324324324324324,37
m2049,3.324324324324324,37
m3049,3.2432432432432434,37
m957,3.2432432432432434,37
m496,3.2162162162162162,37
m2103,3.081081081081081,37
m2031,3.027027027027027,37
m1829,3.0,37
m1677,2.7567567567567566,37
m3597,2.72972972972973,37
m1489,2.5675675675675675,37
m3239,2.3783783783783785,37
m2552,2.2162162162162162,37
m2979,2.189189189189189,37
m2536,1.8918918918918919,37
m3820,1.8108108108108107,37
m1564,3.8333333333333335,36
m705,3.8333333333333335,36
m1809,3.8055555555555554,36
m1169,3.7222222222222223,36
m2620,3.6944444444444446,36
m1415,3.5555555555555554,36
m1508,3.3055555555555554,36
m1932,3.2777777777777777,36
m3021,2.861111111111111,36
m1551,2.8333333333333335,36
m2638,2.8333333333333335,36
m1329,2.6666666666666665,36
m2323,3.942857142857143,35
m3002,3.914285714285714,35
m568,3.857142857142857,35
m2593,3.7142857142857144,35
m1068,3.6857142857142855,35
m665,3.657142857142857,35
m2481,3.6,35
m3010,3.6,35
m2626,3.5714285714285716,35
m1112,3.4285714285714284,35
m1351,3.4,35
m3567,3.4,35
m1044,3.2857142857142856,35
m3759,3.257142857142857,35
m304,3.142857142857143,35
m1053,2.914285714285714,35
m476,2.6857142857142855,35
m3331,2.3142857142857145,35
m3667,1.9142857142857144,35
m77,3.764705882352941,34
m571,3.588235294117647,34
m211,3.5588235294117645,34
m3124,3.323529411764706,34
m3537,3.323529411764706,34
m1119,3.2058823529411766,34
m1463,3.0294117647058822,34
m3449,2.9705882352941178,34
m3805,2.7941176470588234,34
m3610,2.5294117647058822,34
m2878,2.264705882352941,34
m2537,1.9411764705882353,34
m324,3.9696969696969697,33
m2847,3.909090909090909,33
m3311,3.787878787878788,33
m1123,3.727272727272727,33
m3143,3.696969696969697,33
m83,3.696969696969697,33
m2205,3.515151515151515,33
m2766,3.515151515151515,33
m760,3.515151515151515,33
m718,3.484848484848485,33
m3110,3.393939393939394,33
m3240,3.272727272727273,33
m3073,3.242424242424242,33
m103,3.212121212121212,33
m3711,3.212121212121212,33
m3900,2.787878787878788,33
m2650,2.757575757575758,33
m1825,2.6666666666666665,33
m2637,2.6666666666666665,33
m984,2.6666666666666665,33
m201,2.6363636363636362,33
m2886,2.242424242424242,33
m3390,1.6666666666666667,33
m1695,3.6875,32
m2711,3.5625,32
m1859,3.53125,32
m1596,3.46875,32
m2727,3.46875,32
m320,3.40625,32
m1906,3.21875,32
m2756,3.21875,32
m1926,3.1875,32
m3218,3.1875,32
m3906,3.15625,32
m753,3.15625,32
m3913,2.90625,32
m238,2.8125,32
m3403,2.78125,32
m2894,2.625,32
m619,2.59375,32
m3520,2.5625,32
m1322,1.71875,32
m2449,1.53125,32
m746,4.0,31
m341,3.838709677419355,31
m2938,3.7419354838709675,31
m862,3.6451612903225805,31
m1151,3.4838709677419355,31
m443,3.3870967741935485,31
m1529,3.225806451612903,31
m2635,3.032258064516129,31
m1114,2.870967741935484,31
m2758,2.838709677419355,31
m2755,2.6774193548387095,31
m2992,2.4838709677419355,31
m447,2.4838709677419355,31
m3673,2.3225806451612905,31
m3222,4.166666666666667,30
m40,3.933333333333333,30
m2131,3.7333333333333334,30
m3559,3.6666666666666665,30
m850,3.6666666666666665,30
m3612,3.6333333333333333,30
m1755,3.533333333333333,30
m2482,3.3333333333333335,30
m685,3.3,30
m1902,3.1,30
m3587,3.0,30
m600,3.0,30
m1613,2.9,30
m2849,2.8,30
m3843,2.6333333333333333,30
m250,2.6,30
m386,2.6,30
m202,2.5,30
m1844,3.8620689655172415,29
m2579,3.793103448275862,29
m2813,3.6551724137931036,29
m2086,3.5517241379310347,29
m1152,3.4827586206896552,29
m183,3.4827586206896552,29
m3221,3.413793103448276,29
m3223,3.413793103448276,29
m1928,3.3793103448275863,29
m3122,3.3793103448275863,29
m241,3.310344827586207,29
m1312,3.2413793103448274,29
m3580,3.0689655172413794,29
m295,2.7586206896551726,29
m484,2.6551724137931036,29
m3781,2.586206896551724,29
m2778,2.5517241379310347,29
m3400,2.5172413793103448,29
m418,2.5172413793103448,29
m3797,2.206896551724138,29
m214,4.25,28
m2493,4.142857142857143,28
m824,3.9285714285714284,28
m263,3.857142857142857,28
m583,3.6785714285714284,28
m1696,3.5714285714285716,28
m3586,3.392857142857143,28
m3845,3.392857142857143,28
m997,3.357142857142857,28
m2896,3.3214285714285716,28
m2577,3.2857142857142856,28
m1585,3.2142857142857144,28
m2666,3.2142857142857144,28
m297,3.107142857142857,28
m3319,3.107142857142857,28
m3934,3.0357142857142856,28
m3761,2.9642857142857144,28
m2853,2.892857142857143,28
m2864,2.8214285714285716,28
m38,2.8214285714285716,28
m3540,2.75,28
m2945,2.6785714285714284,28
m716,2.6785714285714284,28
m462,2.642857142857143,28
m220,1.8214285714285714,28
m3942,1.7857142857142858,28
m3338,4.444444444444445,27
m2494,4.0,27
m3329,3.814814814814815,27
m722,3.814814814814815,27
m49,3.740740740740741,27
m702,3.6666666666666665,27
m1477,3.4444444444444446,27
m1874,3.3703703703703702,27
m3531,3.037037037037037,27
m2426,2.962962962962963,27
m2339,2.925925925925926,27
m1583,2.7777777777777777,27
m2559,2.5925925925925926,27
m2196,2.4444444444444446,27
m3931,2.037037037037037,27
m3938,1.9259259259259258,27
m1572,3.730769230769231,26
m2187,3.576923076923077,26
m1880,3.423076923076923,26
m184,3.3461538461538463,26
m3568,3.269230769230769,26
m1063,3.1538461538461537,26
m3885,3.1153846153846154,26
m2441,3.0384615384615383,26
m3562,3.0384615384615383,26
m1767,3.0,26
m3924,2.923076923076923,26
m2674,2.6923076923076925,26
m554,2.6153846153846154,26
m3939,1.9615384615384615,26
m1490,1.8076923076923077,26
m3665,1.7307692307692308,26
m3573,1.4615384615384615,26
m3171,3.92,25
m659,3.72,25
m2305,3.48,25
m3349,3.4,25
m841,3.4,25
m1814,3.36,25
m2128,3.32,25
m2293,3.24,25
m3106,3.24,25
m1496,3.16,25
m2678,3.12,25
m2767,3.08,25
m2785,3.04,25
m2586,2.96,25
m3847,2.96,25
m2483,2.92,25
m3830,2.88,25
m392,2.8,25
m1328,1.84,25
m3192,4.083333333333333,24
m3306,3.9583333333333335,24
m1533,3.875,24
m3309,3.6666666666666665,24
m1511,3.5833333333333335,24
m3756,3.5,24
m1406,3.4583333333333335,24
m3473,3.4166666666666665,24
m2743,3.375,24
m3776,3.3333333333333335,24
m877,3.2916666666666665,24
m767,3.2083333333333335,24
m3902,3.125,24
m1857,3.0833333333333335,24
m3874,3.0,24
m1458,2.8333333333333335,24
m3721,2.5833333333333335,24
m478,2.4583333333333335,24
m430,2.4166666666666665,24
m2256,2.375,24
m274,2.375,24
m867,2.2083333333333335,24
m1679,1.9583333333333333,24
m669,4.173913043478261,23
m1076,4.0,23
m298,3.9130434782608696,23
m2843,3.869565217391304,23
m3415,3.8260869565217392,23
m1067,3.782608695652174,23
m1725,3.739130434782609,23
m961,3.4782608695652173,23
m3402,3.347826086956522,23
m1570,3.3043478260869565,23
m2397,3.3043478260869565,23
m967,3.260869565217391,23
m570,3.217391304347826,23
m3345,3.130434782608696,23
m3935,3.0,23
m2737,2.9130434782608696,23
m148,2.782608695652174,23
m1426,2.5217391304347827,23
m1325,1.6521739130434783,23
m1879,3.909090909090909,22
m1728,3.3181818181818183,22
m1671,3.1818181818181817,22
m2047,3.1818181818181817,22
m219,3.1818181818181817,22
m3749,3.1363636363636362,22
m1421,3.0454545454545454,22
m2800,3.0454545454545454,22
m1455,2.772727272727273,22
m2873,2.6818181818181817,22
m2715,2.227272727272727,22
m3941,2.0454545454545454,22
m3488,2.0,22
m1324,1.6818181818181819,22
m1893,3.761904761904762,21
m3532,3.761904761904762,21
m2189,3.7142857142857144,21
m1509,3.6666666666666665,21
m3670,3.6666666666666665,21
m2074,3.5238095238095237,21
m2227,3.5238095238095237,21
m573,3.5238095238095237,21
m1933,3.380952380952381,21
m2837,3.380952380952381,21
m3832,3.2857142857142856,21
m3894,3.1904761904761907,21
m525,3.1904761904761907,21
m1437,3.0952380952380953,21
m331,3.0952380952380953,21
m84,3.0952380952380953,21
m287,2.9047619047619047,21
m876,2.857142857142857,21
m3162,2.4761904761904763,21
m1822,2.0476190476190474,21
m1335,1.7142857142857142,21
m3092,4.0,20
m3637,3.95,20
m1412,3.9,20
m831,3.85,20
m389,3.7,20
m3854,3.65,20
m633,3.6,20
m645,3.6,20
m1657,3.5,20
m960,3.45,20
m2201,3.4,20
m1846,3.25,20
m2157,3.25,20
m2897,3.25,20
m3775,3.25,20
m3848,3.1,20
m3862,3.1,20
m1000,3.05,20
m2865,3.05,20
m2691,2.95,20
m1662,2.65,20
m1666,2.6,20
m2158,2.6,20
m3344,2.6,20
m992,2.6,20
m1692,2.55,20
m2809,2.55,20
m2292,2.5,20
m1632,2.45,20
m3464,2.45,20
m3313,2.25,20
m2164,2.05,20
m2512,3.9473684210526314,19
m3585,3.8421052631578947,19
m2211,3.526315789473684,19
m1770,3.473684210526316,19
m178,3.473684210526316,19
m3161,3.473684210526316,19
m359,3.210526315789474,19
m638,3.210526315789474,19
m1163,2.9473684210526314,19
m2350,2.789473684210526,19
m1055,2.736842105263158,19
m1549,2.6842105263157894,19
m336,2.6842105263157894,19
m1494,2.473684210526316,19
m626,2.263157894736842,19
m2452,1.6842105263157894,19
m2175,3.8333333333333335,18
m771,3.7777777777777777,18
m394,3.6666666666666665,18
m3645,3.611111111111111,18
m2834,3.5555555555555554,18
m3047,3.5555555555555554,18
m3121,3.5555555555555554,18
m2056,3.5,18
m3880,3.5,18
m1087,3.4444444444444446,18
m251,3.2777777777777777,18
m283,3.0,18
m146,2.888888888888889,18
m2509,2.7777777777777777,18
m2544,2.7777777777777777,18
m3465,2.7777777777777777,18
m1501,2.611111111111111,18
m1168,2.0555555555555554,18
m2904,3.764705882352941,17
m2963,3.7058823529411766,17
m617,3.6470588235294117,17
m2185,3.588235294117647,17
m1116,3.411764705882353,17
m1807,3.411764705882353,17
m2923,3.411764705882353,17
m3644,3.3529411764705883,17
m1493,3.2941176470588234,17
m2913,3.2941176470588234,17
m375,3.2941176470588234,17
m563,3.235294117647059,17
m3139,3.176470588235294,17
m197,3.0588235294117645,17
m1565,3.0,17
m2257,2.9411764705882355,17
m1651,2.8823529411764706,17
m3757,2.823529411764706,17
m2740,2.6470588235294117,17
m3490,2.6470588235294117,17
m2534,2.5294117647058822,17
m1853,2.0,17
m1170,1.6470588235294117,17
m3574,1.0588235294117647,17
m649,4.1875,16
m3137,3.8125,16
m3625,3.8125,16
m1144,3.75,16
m974,3.75,16
m1504,3.5,16
m3333,3.5,16
m3474,3.1875,16
m3817,3.1875,16
m3860,3.1875,16
m3050,3.125,16
m131,3.0625,16
m3933,2.25,16
m1990,1.6875,16
m681,3.933333333333333,15
m1154,3.7333333333333334,15
m2981,3.7333333333333334,15
m2101,3.533333333333333,15
m751,3.533333333333333,15
m2388,3.466666666666667,15
m3283,3.466666666666667,15
m189,3.4,15
m3351,3.2666666666666666,15
m3611,3.066666666666667,15
m1574,2.8666666666666667,15
m2415,2.8,15
m3883,2.7333333333333334,15
m3374,2.6,15
m2008,2.533333333333333,15
m1520,2.466666666666667,15
m2298,1.8666666666666667,15
m3940,1.7333333333333334,15
m1989,1.4666666666666666,15
m1423,4.357142857142857,14
m2824,3.9285714285714284,14
m1450,3.7857142857142856,14
m1898,3.642857142857143,14
m2079,3.5714285714285716,14
m3492,3.5714285714285716,14
m567,3.5714285714285716,14
m1153,3.4285714285714284,14
m2627,3.4285714285714284,14
m2775,3.2857142857142856,14
m3025,3.2857142857142856,14
m124,3.2142857142857144,14
m1656,3.2142857142857144,14
m1575,3.142857142857143,14
m1349,3.0714285714285716,14
m807,3.0,14
m2773,2.9285714285714284,14
m3581,2.7857142857142856,14
m2246,2.7142857142857144,14
m212,1.9285714285714286,14
m632,4.0,13
m96,3.923076923076923,13
m2776,3.769230769230769,13
m1811,3.6923076923076925,13
m503,3.6923076923076925,13
m561,3.6153846153846154,13
m2998,3.5384615384615383,13
m3853,3.5384615384615383,13
m2466,3.4615384615384617,13
m3796,3.3846153846153846,13
m958,3.3846153846153846,13
m129,3.3076923076923075,13
m2768,3.230769230769231,13
m3419,3.1538461538461537,13
m1121,3.076923076923077,13
m1502,3.076923076923077,13
m3642,3.076923076923077,13
m137,3.0,13
m1715,3.0,13
m3850,2.923076923076923,13
m566,2.923076923076923,13
m754,2.923076923076923,13
m1850,2.8461538461538463,13
m411,2.6153846153846154,13
m119,2.4615384615384617,13
m2636,2.4615384615384617,13
m1793,2.3846153846153846,13
m1313,2.1538461538461537,13
m228,2.1538461538461537,13
m3563,1.9230769230769231,13
m128,4.333333333333333,12
m1117,4.25,12
m3495,3.75,12
m106,3.5833333333333335,12
m864,3.5833333333333335,12
m2215,3.5,12
m3640,3.4166666666666665,12
m2964,3.3333333333333335,12
m3867,3.3333333333333335,12
m769,3.25,12
m925,3.25,12
m1817,3.0,12
m2326,3.0,12
m2545,2.8333333333333335,12
m3878,2.8333333333333335,12
m3335,2.6666666666666665,12
m2892,2.5,12
m200,2.4166666666666665,12
m397,2.4166666666666665,12
m3058,2.1666666666666665,12
m3437,2.0,12
m75,1.9166666666666667,12
m2754,1.8333333333333333,12
m2197,4.181818181818182,11
m1743,3.909090909090909,11
m2342,3.727272727272727,11
m1531,3.6363636363636362,11
m2830,3.5454545454545454,11
m962,3.5454545454545454,11
m2281,3.4545454545454546,11
m1038,3.272727272727273,11
m1058,3.272727272727273,11
m2632,3.272727272727273,11
m3215,3.1818181818181817,11
m939,3.1818181818181817,11
m114,3.090909090909091,11
m1675,3.090909090909091,11
m2221,3.090909090909091,11
m2658,3.090909090909091,11
m245,3.0,11
m1539,2.8181818181818183,11
m1864,2.727272727272727,11
m3116,2.727272727272727,11
m2854,2.3636363636363638,11
m2695,2.1818181818181817,11
m2914,2.1818181818181817,11
m3777,2.1818181818181817,11
m1878,2.0,11
m1383,1.5454545454545454,11
m2839,4.3,10
m2931,4.3,10
m3570,3.9,10
m3282,3.7,10
m860,3.6,10
m2994,3.5,10
m863,3.5,10
m1749,3.4,10
m2219,3.4,10
m2675,3.4,10
m2962,3.4,10
m3012,3.4,10
m385,3.4,10
m2209,3.3,10
m1872,3.2,10
m1899,3.2,10
m3486,3.1,10
m1181,2.9,10
m2191,2.8,10
m3892,2.7,10
m2783,2.6,10
m793,2.6,10
m2855,2.3,10
m243,2.1,10
m244,1.9,10
m3463,1.8,10
m703,1.6,10
m2503,4.666666666666667,9
m3410,4.333333333333333,9
m811,3.888888888888889,9
m2156,3.7777777777777777,9
m2562,3.7777777777777777,9
m2569,3.7777777777777777,9
m755,3.7777777777777777,9
m3803,3.5555555555555554,9
m1567,3.4444444444444446,9
m2933,3.4444444444444446,9
m2984,3.4444444444444446,9
m3140,3.4444444444444446,9
m775,3.2222222222222223,9
m993,3.111111111111111,9
m726,3.0,9
m1436,2.888888888888889,9
m652,2.888888888888889,9
m3636,2.7777777777777777,9
m3648,2.6666666666666665,9
m614,2.6666666666666665,9
m3149,2.4444444444444446,9
m3944,2.111111111111111,9
m618,2.111111111111111,9
m56,2.0,9
m1891,1.8888888888888888,9
m2486,1.7777777777777777,9
m53,4.75,8
m1002,4.25,8
m598,4.25,8
m1780,4.125,8
m3905,3.875,8
m2129,3.75,8
m1026,3.625,8
m406,3.625,8
m560,3.625,8
m854,3.625,8
m3154,3.5,8
m37,3.5,8
m1444,3.375,8
m136,3.25,8
m2332,3.25,8
m2831,3.25,8
m3003,3.25,8
m3523,3.125,8
m874,3.125,8
m664,3.0,8
m2207,2.875,8
m3641,2.75,8
m59,2.75,8
m2317,2.625,8
m2464,2.625,8
m2814,2.625,8
m1782,2.5,8
m2063,2.5,8
m2200,2.5,8
m3592,2.5,8
m526,2.5,8
m2234,1.875,8
m3026,1.5,8
m1420,4.0,7
m1138,3.857142857142857,7
m2673,3.857142857142857,7
m2061,3.5714285714285716,7
m2304,3.5714285714285716,7
m844,3.5714285714285716,7
m2760,3.4285714285714284,7
m1543,3.2857142857142856,7
m2192,3.2857142857142856,7
m2911,3.2857142857142856,7
m3533,3.2857142857142856,7
m1486,3.142857142857143,7
m108,2.857142857142857,7
m1659,2.857142857142857,7
m630,2.857142857142857,7
m1514,2.7142857142857144,7
m2705,2.7142857142857144,7
m2765,2.7142857142857144,7
m2850,2.7142857142857144,7
m1718,2.5714285714285716,7
m1849,2.5714285714285716,7
m1522,2.4285714285714284,7
m1890,2.4285714285714284,7
m2487,2.4285714285714284,7
m3818,2.4285714285714284,7
m2244,1.8571428571428572,7
m847,1.8571428571428572,7
m3891,1.7142857142857142,7
m1720,1.2857142857142858,7
m3027,1.1428571428571428,7
m1311,1.0,7
m966,4.0,6
m1384,3.8333333333333335,6
m3292,3.8333333333333335,6
m1534,3.6666666666666665,6
m2833,3.6666666666666665,6
m3056,3.6666666666666665,6
m3657,3.6666666666666665,6
m90,3.6666666666666665,6
m1685,3.5,6
m3303,3.5,6
m1519,3.3333333333333335,6
m1903,3.3333333333333335,6
m3866,3.1666666666666665,6
m972,3.1666666666666665,6
m2602,2.8333333333333335,6
m3778,2.8333333333333335,6
m732,2.8333333333333335,6
m1532,2.6666666666666665,6
m310,2.6666666666666665,6
m2242,2.5,6
m1160,2.1666666666666665,6
m815,2.0,6
m98,2.0,6
m1538,1.6666666666666667,6
m3001,1.6666666666666667,6
m3666,1.6666666666666667,6
m3166,1.1666666666666667,6
m3245,4.8,5
m2930,4.4,5
m1664,4.2,5
m1741,4.0,5
m1901,4.0,5
m2444,4.0,5
m3232,4.0,5
m1174,3.8,5
m1369,3.8,5
m3443,3.8,5
m1164,3.6,5
m167,3.6,5
m2538,3.6,5
m1071,3.4,5
m1471,3.4,5
m2557,3.4,5
m3293,3.4,5
m264,3.2,5
m3207,3.2,5
m1040,3.0,5
m1930,3.0,5
m3184,3.0,5
m3652,3.0,5
m559,3.0,5
m3346,2.8,5
m3875,2.8,5
m980,2.8,5
m2608,2.6,5
m2679,2.6,5
m1098,2.4,5
m1622,2.4,5
m1636,2.4,5
m1796,2.4,5
m2934,2.4,5
m698,2.2,5
m2631,2.0,5
m2777,2.0,5
m1433,1.8,5
m2233,1.6,5
m1871,4.0,4
m2358,4.0,4
m2999,4.0,4
m3609,4.0,4
m2299,3.75,4
m404,3.75,4
m757,3.75,4
m985,3.75,4
m1149,3.5,4
m2127,3.5,4
m2578,3.5,4
m682,3.5,4
m1561,3.25,4
m1652,3.25,4
m2172,3.25,4
m3314,3.25,4
m3378,3.25,4
m67,3.25,4
m696,3.25,4
m820,3.25,4
m823,3.25,4
m2685,3.0,4
m3288,3.0,4
m33,3.0,4
m3595,3.0,4
m3887,3.0,4
m756,3.0,4
m776,3.0,4
m1553,2.75,4
m1886,2.75,4
m2623,2.75,4
m2825,2.75,4
m2960,2.75,4
m3322,2.75,4
m749,2.75,4
m981,2.75,4
m1877,2.5,4
m2823,2.5,4
m2887,2.25,4
m3205,2.25,4
m1102,2.0,4
m2955,2.0,4
m3876,2.0,4
m834,2.0,4
m3472,1.75,4
m787,5.0,3
m3126,4.0,3
m3522,4.0,3
m853,4.0,3
m1039,3.6666666666666665,3
m2510,3.6666666666666665,3
m3242,3.6666666666666665,3
m729,3.6666666666666665,3
m1861,3.3333333333333335,3
m2223,3.3333333333333335,3
m3216,3.3333333333333335,3
m3575,3.3333333333333335,3
m3603,3.3333333333333335,3
m666,3.3333333333333335,3
m796,3.3333333333333335,3
m3136,3.0,3
m3187,3.0,3
m3380,3.0,3
m3482,3.0,3
m623,3.0,3
m687,3.0,3
m734,3.0,3
m120,2.6666666666666665,3
m2821,2.6666666666666665,3
m2869,2.6666666666666665,3
m3352,2.6666666666666665,3
m3373,2.6666666666666665,3
m3631,2.6666666666666665,3
m1315,2.3333333333333335,3
m3800,2.3333333333333335,3
m1107,2.0,3
m2576,2.0,3
m643,2.0,3
m744,2.0,3
m3119,1.6666666666666667,3
m3407,1.6666666666666667,3
m3621,1.6666666666666667,3
m3772,1.6666666666666667,3
m3899,1.6666666666666667,3
m634,1.6666666666666667,3
m3762,1.3333333333333333,3
m3123,1.0,3
m3233,5.0,2
m1795,4.5,2
m2309,4.5,2
m2480,4.5,2
m3517,4.5,2
m3888,4.5,2
m439,4.5,2
m557,4.5,2
m578,4.5,2
m1139,4.0,2
m130,4.0,2
m134,4.0,2
m1434,4.0,2
m1842,4.0,2
m1851,4.0,2
m2198,4.0,2
m2811,4.0,2
m3057,4.0,2
m3305,4.0,2
m3353,4.0,2
m3601,4.0,2
m1360,3.5,2
m1364,3.5,2
m1787,3.5,2
m2251,3.5,2
m2543,3.5,2
m3084,3.5,2
m3131,3.5,2
m3236,3.5,2
m3295,3.5,2
m3337,3.5,2
m3377,3.5,2
m3381,3.5,2
m3413,3.5,2
m530,3.5,2
m679,3.5,2
m712,3.5,2
m791,3.5,2
m1070,3.0,2
m1134,3.0,2
m1555,3.0,2
m192,3.0,2
m2258,3.0,2
m2895,3.0,2
m3336,3.0,2
m3542,3.0,2
m3748,3.0,2
m401,3.0,2
m572,3.0,2
m582,3.0,2
m657,3.0,2
m789,3.0,2
m827,3.0,2
m884,3.0,2
m1062,2.5,2
m1145,2.5,2
m138,2.5,2
m1510,2.5,2
m1548,2.5,2
m1773,2.5,2
m3085,2.5,2
m3212,2.5,2
m3294,2.5,2
m3828,2.5,2
m706,2.5,2
m887,2.5,2
m889,2.5,2
m1133,2.0,2
m1528,2.0,2
m1868,2.0,2
m2343,2.0,2
m2591,2.0,2
m3687,2.0,2
m591,2.0,2
m607,2.0,2
m672,2.0,2
m690,2.0,2
m821,2.0,2
m977,2.0,2
m1558,1.5,2
m1905,1.5,2
m3485,1.5,2
m660,1.5,2
m975,1.5,2
m1142,1.0,2
m3228,1.0,2
m3493,1.0,2
m3651,1.0,2
m895,1.0,2
m1830,5.0,1
m3172,5.0,1
m3280,5.0,1
m3382,5.0,1
m3607,5.0,1
m3656,5.0,1
m3881,5.0,1
m989,5.0,1
m1316,4.0,1
m139,4.0,1
m1470,4.0,1
m1832,4.0,1
m1915,4.0,1
m2438,4.0,1
m2909,4.0,1
m3065,4.0,1
m3164,4.0,1
m3229,4.0,1
m3277,4.0,1
m3530,4.0,1
m3647,4.0,1
m396,4.0,1
m398,4.0,1
m584,4.0,1
m624,4.0,1
m701,4.0,1
m717,4.0,1
m758,4.0,1
m774,4.0,1
m792,4.0,1
m878,4.0,1
m1579,3.0,1
m1724,3.0,1
m1764,3.0,1
m1843,3.0,1
m1908,3.0,1
m2214,3.0,1
m2226,3.0,1
m2556,3.0,1
m2563,3.0,1
m2584,3.0,1
m2592,3.0,1
m2619,3.0,1
m2703,3.0,1
m286,3.0,1
m311,3.0,1
m3290,3.0,1
m3323,3.0,1
m3458,3.0,1
m3779,3.0,1
m3842,3.0,1
m3890,3.0,1
m402,3.0,1
m576,3.0,1
m601,3.0,1
m658,3.0,1
m763,3.0,1
m790,3.0,1
m814,3.0,1
m868,3.0,1
m872,3.0,1
m1118,2.0,1
m1630,2.0,1
m1709,2.0,1
m1714,2.0,1
m1815,2.0,1
m1820,2.0,1
m1852,2.0,1
m2218,2.0,1
m2235,2.0,1
m2254,2.0,1
m226,2.0,1
m2277,2.0,1
m2308,2.0,1
m2484,2.0,1
m2742,2.0,1
m3151,2.0,1
m3220,2.0,1
m3291,2.0,1
m3297,2.0,1
m3315,2.0,1
m3321,2.0,1
m3722,2.0,1
m545,2.0,1
m579,2.0,1
m642,2.0,1
m644,2.0,1
m651,2.0,1
m859,2.0,1
m865,2.0,1
m1115,1.0,1
m1165,1.0,1
m127,1.0,1
m133,1.0,1
m1386,1.0,1
m142,1.0,1
m1430,1.0,1
m2039,1.0,1
m2213,1.0,1
m2217,1.0,1
m2845,1.0,1
m3202,1.0,1
m3209,1.0,1
m3237,1.0,1
m3312,1.0,1
m3376,1.0,1
m3460,1.0,1
m3904,1.0,1
m641,1.0,1
m655,1.0,1
m684,1.0,1
m730,1.0,1
m826,1.0,1
m843,1.0,1
